FRAME_INDEX, TIME_STAMP(hh:mm:ss:ms), TIME_STAMP(tick), FRAME_INTERVAL(ms), STIM_DELAY, STIM_INDEX, BACKGROUND_STIM, STIM_LOC_X, STIM_LOC_Y, TRACKING_STATUS
0, 21:48:51:146.314,78531146.314,39.358,0,0,1,no,-6,-1,ON
1, 21:48:51:186.128,78531186.128,39.813,0,0,2,no,-7,-2,ON
2, 21:48:51:225.505,78531225.505,39.377,0,0,3,no,-8,-1,ON
3, 21:48:51:265.044,78531265.044,39.539,0,0,4,no,-7,-2,ON
4, 21:48:51:304.504,78531304.504,39.460,0,0,5,no,-6,0,ON
5, 21:48:51:343.950,78531343.950,39.446,0,0,6,no,-4,1,ON
6, 21:48:51:383.452,78531383.452,39.502,0,0,7,no,-4,0,ON
7, 21:48:51:422.901,78531422.901,39.450,0,0,8,no,-4,-1,ON
8, 21:48:51:462.405,78531462.405,39.503,0,0,9,no,-5,-2,ON
9, 21:48:51:502.078,78531502.078,39.673,0,0,10,no,-7,-3,ON
10, 21:48:51:541.367,78531541.367,39.289,0,0,11,no,-7,-3,ON
11, 21:48:51:581.129,78531581.129,39.762,0,0,12,no,-8,-3,ON
12, 21:48:51:620.473,78531620.473,39.344,0,0,13,no,-8,-3,ON
13, 21:48:51:660.179,78531660.179,39.706,0,0,14,no,-8,-3,ON
14, 21:48:51:699.435,78531699.435,39.257,0,0,15,no,-7,-4,ON
15, 21:48:51:739.039,78531739.039,39.603,0,0,16,no,-6,-1,ON
16, 21:48:51:778.399,78531778.399,39.360,0,0,17,no,-4,0,ON
17, 21:48:51:818.329,78531818.329,39.930,0,0,18,no,-5,-1,ON
18, 21:48:51:857.405,78531857.405,39.076,0,0,19,no,-5,-2,ON
19, 21:48:51:896.989,78531896.989,39.584,0,0,20,no,-6,-3,ON
20, 21:48:51:936.536,78531936.536,39.546,0,0,21,no,-8,-4,ON
21, 21:48:51:975.892,78531975.892,39.356,0,0,22,no,-8,-4,ON
22, 21:48:52:15.445,78532015.445,39.553,0,0,23,no,-8,-4,ON
23, 21:48:52:54.716,78532054.716,39.271,0,0,24,no,-8,-3,ON
24, 21:48:52:94.105,78532094.105,39.389,0,0,25,no,-9,-3,ON
25, 21:48:52:133.873,78532133.873,39.768,0,0,26,no,-8,-4,ON
26, 21:48:52:173.119,78532173.119,39.246,0,0,27,no,-7,-1,ON
27, 21:48:52:212.752,78532212.752,39.633,0,0,28,no,-5,-1,ON
28, 21:48:52:252.256,78532252.256,39.504,0,0,29,no,-5,-1,ON
29, 21:48:52:291.731,78532291.731,39.475,0,0,30,no,-6,-2,ON
30, 21:48:52:331.274,78532331.274,39.543,0,0,31,no,-7,-3,ON
31, 21:48:52:370.966,78532370.966,39.692,0,0,32,no,-8,-4,ON
32, 21:48:52:410.210,78532410.210,39.244,0,0,33,no,-8,-4,ON
33, 21:48:52:449.643,78532449.643,39.433,0,0,34,no,-9,-4,ON
34, 21:48:52:489.205,78532489.205,39.562,0,0,35,no,-9,-4,ON
35, 21:48:52:528.763,78532528.763,39.559,0,0,36,no,-9,-3,ON
36, 21:48:52:568.227,78532568.227,39.463,0,0,37,no,-8,-4,ON
37, 21:48:52:607.718,78532607.718,39.491,0,0,38,no,-7,-2,ON
38, 21:48:52:647.204,78532647.204,39.486,0,0,39,no,-6,-1,ON
39, 21:48:52:686.694,78532686.694,39.490,0,0,40,no,-6,-2,ON
40, 21:48:52:726.288,78532726.288,39.594,0,0,41,no,-7,-2,ON
41, 21:48:52:765.526,78532765.526,39.238,0,0,42,no,-8,-4,ON
42, 21:48:52:805.138,78532805.138,39.612,0,0,43,no,-8,-4,ON
43, 21:48:52:844.867,78532844.867,39.729,0,0,44,no,-8,-4,ON
44, 21:48:52:884.194,78532884.194,39.327,0,0,45,no,-9,-4,ON
45, 21:48:52:923.701,78532923.701,39.507,0,0,46,no,-9,-4,ON
46, 21:48:52:963.163,78532963.163,39.463,0,0,47,no,-10,-4,ON
47, 21:48:53:2.800,78533002.800,39.637,0,0,48,no,-9,-4,ON
48, 21:48:53:42.140,78533042.140,39.339,0,0,49,no,-7,-2,ON
49, 21:48:53:81.824,78533081.824,39.684,0,0,50,no,-6,-1,ON
50, 21:48:53:121.165,78533121.165,39.341,0,0,51,no,-7,-1,ON
51, 21:48:53:160.778,78533160.778,39.613,0,0,52,no,-7,-1,ON
52, 21:48:53:200.180,78533200.180,39.402,0,0,53,no,-9,-2,ON
53, 21:48:53:239.837,78533239.837,39.657,0,0,54,no,-10,-1,ON
54, 21:48:53:279.138,78533279.138,39.301,0,0,55,no,-10,-1,ON
55, 21:48:53:318.613,78533318.613,39.475,0,0,56,no,-10,0,ON
56, 21:48:53:358.127,78533358.127,39.513,0,0,57,no,-11,1,ON
57, 21:48:53:397.582,78533397.582,39.455,0,0,58,no,-11,2,ON
58, 21:48:53:437.249,78533437.249,39.668,0,0,59,no,-10,2,ON
59, 21:48:53:476.892,78533476.892,39.643,0,0,60,no,-8,5,ON
60, 21:48:53:515.952,78533515.952,39.060,0,0,61,no,-7,6,ON
61, 21:48:53:555.605,78533555.605,39.653,0,0,62,no,-8,6,ON
62, 21:48:53:594.984,78533594.984,39.379,0,0,63,no,-9,6,ON
63, 21:48:53:634.621,78533634.621,39.637,0,0,64,no,-10,6,ON
64, 21:48:53:674.133,78533674.133,39.513,0,0,65,no,-11,6,ON
65, 21:48:53:713.659,78533713.659,39.526,0,0,66,no,-11,7,ON
66, 21:48:53:753.380,78533753.380,39.721,0,0,67,no,-11,8,ON
67, 21:48:53:792.593,78533792.593,39.213,0,0,68,no,-12,9,ON
68, 21:48:53:832.003,78533832.003,39.410,0,0,69,no,-11,10,ON
69, 21:48:53:871.680,78533871.680,39.676,0,0,70,no,-10,10,ON
70, 21:48:53:911.186,78533911.186,39.506,0,0,71,no,-7,10,ON
71, 21:48:53:950.686,78533950.686,39.500,0,0,72,no,-5,10,ON
72, 21:48:53:990.016,78533990.016,39.330,0,0,73,no,-5,8,ON
73, 21:48:54:29.593,78534029.593,39.577,0,0,74,no,-5,6,ON
74, 21:48:54:69.087,78534069.087,39.494,0,0,75,no,-6,3,ON
75, 21:48:54:108.667,78534108.667,39.580,0,0,76,no,-7,2,ON
76, 21:48:54:148.160,78534148.160,39.493,0,0,77,no,-7,2,ON
77, 21:48:54:188.253,78534188.253,40.093,0,0,78,no,-8,1,ON
78, 21:48:54:227.204,78534227.204,38.952,0,0,79,no,-8,1,ON
79, 21:48:54:266.581,78534266.581,39.377,0,0,80,no,-8,0,ON
80, 21:48:54:306.110,78534306.110,39.529,0,0,81,no,-7,0,ON
81, 21:48:54:345.652,78534345.652,39.542,0,0,82,no,-5,1,ON
82, 21:48:54:384.954,78534384.954,39.303,0,0,83,no,-4,2,ON
83, 21:48:54:424.633,78534424.633,39.678,0,0,84,no,-4,1,ON
84, 21:48:54:464.103,78534464.103,39.471,0,0,85,no,-5,0,ON
85, 21:48:54:503.617,78534503.617,39.514,0,0,86,no,-6,-1,ON
86, 21:48:54:543.019,78534543.019,39.402,0,0,87,no,-7,-2,ON
87, 21:48:54:582.479,78534582.479,39.460,0,0,88,no,-7,-2,ON
88, 21:48:54:622.120,78534622.120,39.641,0,0,89,no,-8,-2,ON
89, 21:48:54:661.706,78534661.706,39.586,0,0,90,no,-8,-2,ON
90, 21:48:54:701.213,78534701.213,39.507,0,0,91,no,-8,-2,ON
91, 21:48:54:740.464,78534740.464,39.251,0,0,92,no,-7,-2,ON
92, 21:48:54:780.046,78534780.046,39.582,0,0,93,no,-5,0,ON
93, 21:48:54:819.647,78534819.647,39.601,0,0,94,no,-4,0,ON
94, 21:48:54:859.177,78534859.177,39.530,0,0,95,no,-5,-1,ON
95, 21:48:54:898.600,78534898.600,39.423,0,0,96,no,-6,-2,ON
96, 21:48:54:938.339,78534938.339,39.738,0,0,97,no,-7,-3,ON
97, 21:48:54:977.477,78534977.477,39.138,0,0,98,no,-7,-3,ON
98, 21:48:55:17.203,78535017.203,39.727,0,0,99,no,-8,-3,ON
99, 21:48:55:56.689,78535056.689,39.486,0,0,100,no,-8,-3,ON
100, 21:48:55:95.962,78535095.962,39.273,0,0,101,no,-8,-3,ON
101, 21:48:55:135.252,78535135.252,39.290,0,0,102,no,-9,-3,ON
102, 21:48:55:174.997,78535174.997,39.745,0,0,103,no,-8,-2,ON
103, 21:48:55:214.380,78535214.380,39.383,0,0,104,no,-6,-1,ON
104, 21:48:55:253.966,78535253.966,39.586,0,0,105,no,-5,-1,ON
105, 21:48:55:293.466,78535293.466,39.500,0,0,106,no,-5,-2,ON
106, 21:48:55:333.080,78535333.080,39.614,0,0,107,no,-6,-3,ON
107, 21:48:55:372.458,78535372.458,39.379,0,0,108,no,-8,-3,ON
108, 21:48:55:412.053,78535412.053,39.595,0,0,109,no,-8,-4,ON
109, 21:48:55:451.422,78535451.422,39.369,0,0,110,no,-8,-4,ON
110, 21:48:55:491.241,78535491.241,39.819,0,0,111,no,-9,-4,ON
111, 21:48:55:530.498,78535530.498,39.257,0,0,112,no,-9,-3,ON
112, 21:48:55:570.046,78535570.046,39.548,0,0,113,no,-9,-4,ON
113, 21:48:55:609.627,78535609.627,39.582,0,0,114,no,-9,-3,ON
114, 21:48:55:649.055,78535649.055,39.428,0,0,115,no,-6,-1,ON
115, 21:48:55:688.414,78535688.414,39.359,0,0,116,no,-6,-1,ON
116, 21:48:55:727.965,78535727.965,39.551,0,0,117,no,-6,-2,ON
117, 21:48:55:767.263,78535767.263,39.298,0,0,118,no,-7,-3,ON
118, 21:48:55:807.061,78535807.061,39.798,0,0,119,no,-8,-4,ON
119, 21:48:55:846.393,78535846.393,39.332,0,0,120,no,-9,-4,ON
120, 21:48:55:885.828,78535885.828,39.435,0,0,121,no,-9,-4,ON
121, 21:48:55:925.312,78535925.312,39.484,0,0,122,no,-10,-4,ON
122, 21:48:55:964.802,78535964.802,39.490,0,0,123,no,-10,-4,ON
123, 21:48:56:4.408,78536004.408,39.606,0,0,124,no,-10,-4,ON
124, 21:48:56:43.934,78536043.934,39.526,0,0,125,no,-9,-3,ON
125, 21:48:56:83.377,78536083.377,39.443,0,0,126,no,-6,-1,ON
126, 21:48:56:122.898,78536122.898,39.521,0,0,127,no,-6,-1,ON
127, 21:48:56:162.295,78536162.295,39.397,0,0,128,no,-6,-2,ON
128, 21:48:56:201.846,78536201.846,39.551,0,0,129,no,-7,-3,ON
129, 21:48:56:241.381,78536241.381,39.535,0,0,130,no,-9,-4,ON
130, 21:48:56:280.779,78536280.779,39.398,0,0,131,no,-9,-4,ON
131, 21:48:56:320.253,78536320.253,39.474,0,0,132,no,-9,-4,ON
132, 21:48:56:360.011,78536360.011,39.759,0,0,133,no,-10,-4,ON
133, 21:48:56:399.288,78536399.288,39.277,0,0,134,no,-10,-3,ON
134, 21:48:56:439.367,78536439.367,40.079,0,0,135,no,-10,-3,ON
135, 21:48:56:478.375,78536478.375,39.008,0,0,136,no,-9,-1,ON
136, 21:48:56:517.677,78536517.677,39.302,0,0,137,no,-7,1,ON
137, 21:48:56:557.435,78536557.435,39.758,0,0,138,no,-7,1,ON
138, 21:48:56:596.933,78536596.933,39.498,0,0,139,no,-8,1,ON
139, 21:48:56:636.346,78536636.346,39.413,0,0,140,no,-9,1,ON
140, 21:48:56:675.908,78536675.908,39.562,0,0,141,no,-10,0,ON
141, 21:48:56:715.149,78536715.149,39.241,0,0,142,no,-11,1,ON
142, 21:48:56:754.884,78536754.884,39.735,0,0,143,no,-11,2,ON
143, 21:48:56:794.212,78536794.212,39.328,0,0,144,no,-11,2,ON
144, 21:48:56:833.965,78536833.965,39.753,0,0,145,no,-12,4,ON
145, 21:48:56:873.778,78536873.778,39.813,0,0,146,no,-11,4,ON
146, 21:48:56:912.807,78536912.807,39.029,0,0,147,no,-11,6,ON
147, 21:48:56:952.295,78536952.295,39.488,0,0,148,no,-8,8,ON
148, 21:48:56:991.970,78536991.970,39.675,0,0,149,no,-8,9,ON
149, 21:48:57:31.917,78537031.917,39.947,0,0,150,no,-8,9,ON
150, 21:48:57:71.045,78537071.045,39.128,0,0,151,no,-9,9,ON
151, 21:48:57:110.325,78537110.325,39.279,0,0,152,no,-11,9,ON
152, 21:48:57:149.842,78537149.842,39.517,0,0,153,no,-11,9,ON
153, 21:48:57:189.494,78537189.494,39.652,0,0,154,no,-10,9,ON
154, 21:48:57:228.790,78537228.790,39.296,0,0,155,no,-10,7,ON
155, 21:48:57:268.283,78537268.283,39.493,0,0,156,no,-10,7,ON
156, 21:48:57:307.807,78537307.807,39.524,0,0,157,no,-9,5,ON
157, 21:48:57:347.443,78537347.443,39.636,0,0,158,no,-8,5,ON
158, 21:48:57:386.780,78537386.780,39.337,0,0,159,no,-6,6,ON
159, 21:48:57:426.168,78537426.168,39.388,0,0,160,no,-6,5,ON
160, 21:48:57:465.647,78537465.647,39.479,0,0,161,no,-5,4,ON
161, 21:48:57:505.206,78537505.206,39.559,0,0,162,no,-6,2,ON
162, 21:48:57:544.873,78537544.873,39.667,0,0,163,no,-7,1,ON
163, 21:48:57:584.162,78537584.162,39.289,0,0,164,no,-8,0,ON
164, 21:48:57:623.882,78537623.882,39.720,0,0,165,no,-8,-1,ON
165, 21:48:57:663.222,78537663.222,39.340,0,0,166,no,-9,-1,ON
166, 21:48:57:702.756,78537702.756,39.534,0,0,167,no,-9,-1,ON
167, 21:48:57:742.203,78537742.203,39.447,0,0,168,no,-8,-1,ON
168, 21:48:57:781.765,78537781.765,39.562,0,0,169,no,-8,0,ON
169, 21:48:57:821.187,78537821.187,39.422,0,0,170,no,-5,1,ON
170, 21:48:57:860.666,78537860.666,39.479,0,0,171,no,-5,1,ON
171, 21:48:57:900.200,78537900.200,39.534,0,0,172,no,-6,0,ON
172, 21:48:57:939.774,78537939.774,39.574,0,0,173,no,-6,-2,ON
173, 21:48:57:979.162,78537979.162,39.388,0,0,174,no,-7,-2,ON
174, 21:48:58:18.772,78538018.772,39.610,0,0,175,no,-8,-2,ON
175, 21:48:58:58.336,78538058.336,39.565,0,0,176,no,-8,-2,ON
176, 21:48:58:97.878,78538097.878,39.541,0,0,177,no,-9,-3,ON
177, 21:48:58:137.246,78538137.246,39.369,0,0,178,no,-9,-2,ON
178, 21:48:58:176.661,78538176.661,39.415,0,0,179,no,-9,-3,ON
179, 21:48:58:216.185,78538216.185,39.523,0,0,180,no,-8,-2,ON
180, 21:48:58:255.602,78538255.602,39.417,0,0,181,no,-5,0,ON
181, 21:48:58:295.151,78538295.151,39.549,0,0,182,no,-5,0,ON
182, 21:48:58:334.596,78538334.596,39.445,0,0,183,no,-6,-1,ON
183, 21:48:58:374.415,78538374.415,39.819,0,0,184,no,-7,-2,ON
184, 21:48:58:413.948,78538413.948,39.533,0,0,185,no,-8,-3,ON
185, 21:48:58:453.262,78538453.262,39.313,0,0,186,no,-8,-3,ON
186, 21:48:58:492.659,78538492.659,39.398,0,0,187,no,-9,-3,ON
187, 21:48:58:532.217,78538532.217,39.557,0,0,188,no,-9,-3,ON
188, 21:48:58:571.676,78538571.676,39.459,0,0,189,no,-9,-3,ON
189, 21:48:58:611.713,78538611.713,40.037,0,0,190,no,-9,-4,ON
190, 21:48:58:650.788,78538650.788,39.076,0,0,191,no,-8,-2,ON
191, 21:48:58:690.313,78538690.313,39.525,0,0,192,no,-6,-1,ON
192, 21:48:58:729.642,78538729.642,39.329,0,0,193,no,-6,-1,ON
193, 21:48:58:769.189,78538769.189,39.547,0,0,194,no,-7,-2,ON
194, 21:48:58:808.668,78538808.668,39.479,0,0,195,no,-7,-3,ON
195, 21:48:58:848.324,78538848.324,39.656,0,0,196,no,-8,-4,ON
196, 21:48:58:887.650,78538887.650,39.326,0,0,197,no,-9,-4,ON
197, 21:48:58:927.116,78538927.116,39.466,0,0,198,no,-9,-4,ON
198, 21:48:58:966.591,78538966.591,39.475,0,0,199,no,-10,-4,ON
199, 21:48:59:6.083,78539006.083,39.493,0,0,200,no,-10,-3,ON
200, 21:48:59:45.593,78539045.593,39.510,0,0,201,no,-9,-4,ON
201, 21:48:59:85.247,78539085.247,39.654,0,0,202,no,-8,-2,ON
202, 21:48:59:124.587,78539124.587,39.340,0,0,203,no,-6,-1,ON
203, 21:48:59:164.120,78539164.120,39.533,0,0,204,no,-6,-1,ON
204, 21:48:59:203.594,78539203.594,39.474,0,0,205,no,-7,-2,ON
205, 21:48:59:243.246,78539243.246,39.653,0,0,206,no,-8,-3,ON
206, 21:48:59:282.567,78539282.567,39.321,0,0,207,no,-9,-4,ON
207, 21:48:59:322.170,78539322.170,39.603,0,0,208,no,-9,-4,ON
208, 21:48:59:361.597,78539361.597,39.427,0,0,209,no,-10,-4,ON
209, 21:48:59:401.190,78539401.190,39.593,0,0,210,no,-10,-4,ON
210, 21:48:59:440.735,78539440.735,39.545,0,0,211,no,-10,-4,ON
211, 21:48:59:480.113,78539480.113,39.378,0,0,212,no,-10,-4,ON
212, 21:48:59:519.612,78539519.612,39.499,0,0,213,no,-9,-2,ON
213, 21:48:59:559.212,78539559.212,39.600,0,0,214,no,-7,-1,ON
214, 21:48:59:598.577,78539598.577,39.365,0,0,215,no,-7,-1,ON
215, 21:48:59:638.036,78539638.036,39.458,0,0,216,no,-7,-2,ON
216, 21:48:59:677.616,78539677.616,39.580,0,0,217,no,-8,-3,ON
217, 21:48:59:717.087,78539717.087,39.471,0,0,218,no,-9,-3,ON
218, 21:48:59:756.482,78539756.482,39.395,0,0,219,no,-10,-3,ON
219, 21:48:59:796.094,78539796.094,39.613,0,0,220,no,-10,-2,ON
220, 21:48:59:835.629,78539835.629,39.534,0,0,221,no,-11,-2,ON
221, 21:48:59:875.247,78539875.247,39.618,0,0,222,no,-11,-1,ON
222, 21:48:59:914.501,78539914.501,39.254,0,0,223,no,-10,-1,ON
223, 21:48:59:954.066,78539954.066,39.565,0,0,224,no,-9,2,ON
224, 21:48:59:993.599,78539993.599,39.533,0,0,225,no,-8,4,ON
225, 21:49:00:33.163,78540033.163,39.564,0,0,226,no,-8,4,ON
226, 21:49:00:72.505,78540072.505,39.342,0,0,227,no,-8,4,ON
227, 21:49:00:112.077,78540112.077,39.573,0,0,228,no,-9,4,ON
228, 21:49:00:151.536,78540151.536,39.459,0,0,229,no,-11,4,ON
229, 21:49:00:191.679,78540191.679,40.142,0,0,230,no,-11,4,ON
230, 21:49:00:230.546,78540230.546,38.868,0,0,231,no,-11,5,ON
231, 21:49:00:270.207,78540270.207,39.660,0,0,232,no,-12,6,ON
232, 21:49:00:309.830,78540309.830,39.623,0,0,233,no,-12,7,ON
233, 21:49:00:349.305,78540349.305,39.475,0,0,234,no,-11,8,ON
234, 21:49:00:388.623,78540388.623,39.318,0,0,235,no,-10,11,ON
235, 21:49:00:428.457,78540428.457,39.834,0,0,236,no,-8,13,ON
236, 21:49:00:467.731,78540467.731,39.273,0,0,237,no,-8,13,ON
237, 21:49:00:507.243,78540507.243,39.512,0,0,238,no,-7,11,ON
238, 21:49:00:546.507,78540546.507,39.264,0,0,239,no,-7,8,ON
239, 21:49:00:586.127,78540586.127,39.620,0,0,240,no,-8,6,ON
240, 21:49:00:625.686,78540625.686,39.558,0,0,241,no,-8,5,ON
241, 21:49:00:664.815,78540664.815,39.130,0,0,242,no,-9,4,ON
242, 21:49:00:704.323,78540704.323,39.508,0,0,243,no,-9,4,ON
243, 21:49:00:743.919,78540743.919,39.596,0,0,244,no,-9,3,ON
244, 21:49:00:783.437,78540783.437,39.518,0,0,245,no,-8,1,ON
245, 21:49:00:822.928,78540822.928,39.491,0,0,246,no,-7,3,ON
246, 21:49:00:862.305,78540862.305,39.377,0,0,247,no,-6,3,ON
247, 21:49:00:901.989,78540901.989,39.684,0,0,248,no,-6,2,ON
248, 21:49:00:941.746,78540941.746,39.757,0,0,249,no,-7,1,ON
249, 21:49:00:981.012,78540981.012,39.266,0,0,250,no,-8,0,ON
250, 21:49:01:20.456,78541020.456,39.444,0,0,251,no,-9,0,ON
251, 21:49:01:60.060,78541060.060,39.604,0,0,252,no,-9,-1,ON
252, 21:49:01:99.341,78541099.341,39.281,0,0,253,no,-9,-1,ON
253, 21:49:01:138.948,78541138.948,39.607,0,0,254,no,-10,-1,ON
254, 21:49:01:178.306,78541178.306,39.358,0,0,255,no,-10,-1,ON
255, 21:49:01:218.010,78541218.010,39.704,0,0,256,no,-9,-2,ON
256, 21:49:01:257.280,78541257.280,39.270,0,0,257,no,-8,0,ON
257, 21:49:01:296.935,78541296.935,39.655,0,0,258,no,-6,1,ON
258, 21:49:01:336.366,78541336.366,39.430,0,0,259,no,-6,1,ON
259, 21:49:01:375.982,78541375.982,39.617,0,0,260,no,-6,0,ON
260, 21:49:01:415.331,78541415.331,39.349,0,0,261,no,-7,-2,ON
261, 21:49:01:454.844,78541454.844,39.513,0,0,262,no,-8,-2,ON
262, 21:49:01:494.280,78541494.280,39.436,0,0,263,no,-9,-2,ON
263, 21:49:01:533.884,78541533.884,39.604,0,0,264,no,-9,-2,ON
264, 21:49:01:573.299,78541573.299,39.414,0,0,265,no,-9,-2,ON
265, 21:49:01:612.895,78541612.895,39.596,0,0,266,no,-10,-2,ON
266, 21:49:01:652.342,78541652.342,39.447,0,0,267,no,-9,-3,ON
267, 21:49:01:691.936,78541691.936,39.594,0,0,268,no,-7,-1,ON
268, 21:49:01:731.411,78541731.411,39.476,0,0,269,no,-6,0,ON
269, 21:49:01:770.896,78541770.896,39.484,0,0,270,no,-6,0,ON
270, 21:49:01:811.050,78541811.050,40.154,0,0,271,no,-6,-1,ON
271, 21:49:01:850.099,78541850.099,39.049,0,0,272,no,-7,-3,ON
272, 21:49:01:889.597,78541889.597,39.498,0,0,273,no,-8,-3,ON
273, 21:49:01:929.013,78541929.013,39.416,0,0,274,no,-9,-3,ON
274, 21:49:01:968.458,78541968.458,39.446,0,0,275,no,-9,-3,ON
275, 21:49:02:7.863,78542007.863,39.405,0,0,276,no,-9,-3,ON
276, 21:49:02:47.417,78542047.417,39.553,0,0,277,no,-10,-3,ON
277, 21:49:02:86.769,78542086.769,39.352,0,0,278,no,-9,-3,ON
278, 21:49:02:126.540,78542126.540,39.771,0,0,279,no,-7,-1,ON
279, 21:49:02:165.795,78542165.795,39.255,0,0,280,no,-6,0,ON
280, 21:49:02:205.094,78542205.094,39.299,0,0,281,no,-6,-1,ON
281, 21:49:02:244.739,78542244.739,39.645,0,0,282,no,-7,-2,ON
282, 21:49:02:284.300,78542284.300,39.562,0,0,283,no,-8,-3,ON
283, 21:49:02:323.769,78542323.769,39.469,0,0,284,no,-9,-4,ON
284, 21:49:02:363.343,78542363.343,39.573,0,0,285,no,-9,-4,ON
285, 21:49:02:402.746,78542402.746,39.404,0,0,286,no,-9,-3,ON
286, 21:49:02:442.378,78542442.378,39.632,0,0,287,no,-10,-3,ON
287, 21:49:02:481.694,78542481.694,39.316,0,0,288,no,-11,-3,ON
288, 21:49:02:521.398,78542521.398,39.704,0,0,289,no,-9,-3,ON
289, 21:49:02:561.076,78542561.076,39.678,0,0,290,no,-8,-2,ON
290, 21:49:02:600.433,78542600.433,39.357,0,0,291,no,-6,-1,ON
291, 21:49:02:639.801,78542639.801,39.368,0,0,292,no,-7,-1,ON
292, 21:49:02:679.346,78542679.346,39.544,0,0,293,no,-7,-2,ON
293, 21:49:02:718.797,78542718.797,39.452,0,0,294,no,-8,-3,ON
294, 21:49:02:758.217,78542758.217,39.420,0,0,295,no,-9,-3,ON
295, 21:49:02:797.781,78542797.781,39.564,0,0,296,no,-10,-3,ON
296, 21:49:02:837.328,78542837.328,39.547,0,0,297,no,-10,-4,ON
297, 21:49:02:877.183,78542877.183,39.855,0,0,298,no,-10,-3,ON
298, 21:49:02:916.443,78542916.443,39.259,0,0,299,no,-11,-3,ON
299, 21:49:02:955.678,78542955.678,39.235,0,0,300,no,-10,-3,ON
300, 21:49:02:995.293,78542995.293,39.615,0,0,301,no,-8,-1,ON
301, 21:49:03:34.843,78543034.843,39.551,0,0,302,no,-7,0,ON
302, 21:49:03:74.237,78543074.237,39.394,0,0,303,no,-7,0,ON
303, 21:49:03:113.745,78543113.745,39.508,0,0,304,no,-8,0,ON
304, 21:49:03:153.375,78543153.375,39.631,0,0,305,no,-9,-1,ON
305, 21:49:03:192.796,78543192.796,39.421,0,0,306,no,-10,-1,ON
306, 21:49:03:232.292,78543232.292,39.496,0,0,307,no,-11,0,ON
307, 21:49:03:271.777,78543271.777,39.485,0,0,308,no,-11,1,ON
308, 21:49:03:311.578,78543311.578,39.801,0,0,309,no,-12,1,ON
309, 21:49:03:350.769,78543350.769,39.192,0,0,310,no,-12,2,ON
310, 21:49:03:390.230,78543390.230,39.461,0,0,311,no,-11,3,ON
311, 21:49:03:429.829,78543429.829,39.598,0,0,312,no,-10,6,ON
312, 21:49:03:469.476,78543469.476,39.647,0,0,313,no,-8,7,ON
313, 21:49:03:508.682,78543508.682,39.207,0,0,314,no,-9,7,ON
314, 21:49:03:548.379,78543548.379,39.697,0,0,315,no,-9,7,ON
315, 21:49:03:587.732,78543587.732,39.353,0,0,316,no,-10,7,ON
316, 21:49:03:627.654,78543627.654,39.922,0,0,317,no,-11,7,ON
317, 21:49:03:666.620,78543666.620,38.966,0,0,318,no,-11,8,ON
318, 21:49:03:706.200,78543706.200,39.580,0,0,319,no,-12,9,ON
319, 21:49:03:745.790,78543745.790,39.590,0,0,320,no,-12,10,ON
320, 21:49:03:785.228,78543785.228,39.438,0,0,321,no,-12,10,ON
321, 21:49:03:824.701,78543824.701,39.472,0,0,322,no,-10,8,ON
322, 21:49:03:864.240,78543864.240,39.540,0,0,323,no,-7,9,ON
323, 21:49:03:903.603,78543903.603,39.362,0,0,324,no,-6,9,ON
324, 21:49:03:943.256,78543943.256,39.654,0,0,325,no,-6,8,ON
325, 21:49:03:982.603,78543982.603,39.347,0,0,326,no,-7,6,ON
326, 21:49:04:22.253,78544022.253,39.650,0,0,327,no,-7,4,ON
327, 21:49:04:61.829,78544061.829,39.576,0,0,328,no,-8,2,ON
328, 21:49:04:101.314,78544101.314,39.485,0,0,329,no,-8,2,ON
329, 21:49:04:140.507,78544140.507,39.192,0,0,330,no,-9,1,ON
330, 21:49:04:180.202,78544180.202,39.696,0,0,331,no,-10,1,ON
331, 21:49:04:219.649,78544219.649,39.447,0,0,332,no,-10,1,ON
332, 21:49:04:259.111,78544259.111,39.462,0,0,333,no,-9,0,ON
333, 21:49:04:298.610,78544298.610,39.499,0,0,334,no,-7,2,ON
334, 21:49:04:338.231,78544338.231,39.621,0,0,335,no,-6,2,ON
335, 21:49:04:377.549,78544377.549,39.319,0,0,336,no,-6,1,ON
336, 21:49:04:417.099,78544417.099,39.549,0,0,337,no,-7,0,ON
337, 21:49:04:456.646,78544456.646,39.547,0,0,338,no,-9,-1,ON
338, 21:49:04:496.068,78544496.068,39.423,0,0,339,no,-10,-2,ON
339, 21:49:04:535.620,78544535.620,39.552,0,0,340,no,-10,-2,ON
340, 21:49:04:574.970,78544574.970,39.350,0,0,341,no,-10,-2,ON
341, 21:49:04:614.376,78544614.376,39.405,0,0,342,no,-11,-2,ON
342, 21:49:04:654.008,78544654.008,39.633,0,0,343,no,-11,-2,ON
343, 21:49:04:693.471,78544693.471,39.463,0,0,344,no,-10,-2,ON
344, 21:49:04:733.095,78544733.095,39.624,0,0,345,no,-8,0,ON
345, 21:49:04:772.475,78544772.475,39.380,0,0,346,no,-7,1,ON
346, 21:49:04:812.178,78544812.178,39.703,0,0,347,no,-7,0,ON
347, 21:49:04:851.608,78544851.608,39.430,0,0,348,no,-8,-1,ON
348, 21:49:04:891.062,78544891.062,39.454,0,0,349,no,-9,-2,ON
349, 21:49:04:930.608,78544930.608,39.546,0,0,350,no,-10,-3,ON
350, 21:49:04:969.932,78544969.932,39.324,0,0,351,no,-10,-3,ON
351, 21:49:05:9.499,78545009.499,39.568,0,0,352,no,-10,-3,ON
352, 21:49:05:49.213,78545049.213,39.714,0,0,353,no,-10,-2,ON
353, 21:49:05:88.679,78545088.679,39.466,0,0,354,no,-11,-2,ON
354, 21:49:05:128.240,78545128.240,39.562,0,0,355,no,-9,-2,ON
355, 21:49:05:167.722,78545167.722,39.482,0,0,356,no,-8,-1,ON
356, 21:49:05:207.231,78545207.231,39.509,0,0,357,no,-6,0,ON
357, 21:49:05:246.836,78545246.836,39.605,0,0,358,no,-7,-1,ON
358, 21:49:05:286.202,78545286.202,39.365,0,0,359,no,-7,-2,ON
359, 21:49:05:325.803,78545325.803,39.601,0,0,360,no,-8,-3,ON
360, 21:49:05:365.094,78545365.094,39.291,0,0,361,no,-9,-3,ON
361, 21:49:05:404.609,78545404.609,39.515,0,0,362,no,-9,-3,ON
362, 21:49:05:444.194,78545444.194,39.585,0,0,363,no,-10,-3,ON
363, 21:49:05:483.712,78545483.712,39.518,0,0,364,no,-10,-3,ON
364, 21:49:05:523.160,78545523.160,39.448,0,0,365,no,-10,-3,ON
365, 21:49:05:563.011,78545563.011,39.850,0,0,366,no,-9,-3,ON
366, 21:49:05:602.181,78545602.181,39.170,0,0,367,no,-7,-1,ON
367, 21:49:05:641.867,78545641.867,39.686,0,0,368,no,-6,-1,ON
368, 21:49:05:681.224,78545681.224,39.357,0,0,369,no,-7,-1,ON
369, 21:49:05:721.297,78545721.297,40.073,0,0,370,no,-8,-2,ON
370, 21:49:05:760.300,78545760.300,39.003,0,0,371,no,-9,-3,ON
371, 21:49:05:799.783,78545799.783,39.483,0,0,372,no,-9,-3,ON
372, 21:49:05:839.063,78545839.063,39.280,0,0,373,no,-10,-3,ON
373, 21:49:05:878.840,78545878.840,39.777,0,0,374,no,-10,-3,ON
374, 21:49:05:918.216,78545918.216,39.376,0,0,375,no,-10,-3,ON
375, 21:49:05:957.731,78545957.731,39.515,0,0,376,no,-11,-3,ON
376, 21:49:05:997.096,78545997.096,39.365,0,0,377,no,-9,-3,ON
377, 21:49:06:36.675,78546036.675,39.579,0,0,378,no,-7,-1,ON
378, 21:49:06:76.147,78546076.147,39.472,0,0,379,no,-7,-1,ON
379, 21:49:06:115.675,78546115.675,39.528,0,0,380,no,-7,-2,ON
380, 21:49:06:155.156,78546155.156,39.482,0,0,381,no,-8,-2,ON
381, 21:49:06:194.548,78546194.548,39.391,0,0,382,no,-9,-3,ON
382, 21:49:06:234.165,78546234.165,39.617,0,0,383,no,-10,-4,ON
383, 21:49:06:273.618,78546273.618,39.453,0,0,384,no,-10,-3,ON
384, 21:49:06:313.231,78546313.231,39.613,0,0,385,no,-11,-3,ON
385, 21:49:06:352.771,78546352.771,39.540,0,0,386,no,-11,-2,ON
386, 21:49:06:392.111,78546392.111,39.340,0,0,387,no,-12,-2,ON
387, 21:49:06:431.588,78546431.588,39.477,0,0,388,no,-11,-1,ON
388, 21:49:06:471.206,78546471.206,39.618,0,0,389,no,-9,1,ON
389, 21:49:06:510.857,78546510.857,39.651,0,0,390,no,-8,2,ON
390, 21:49:06:550.020,78546550.020,39.163,0,0,391,no,-9,2,ON
391, 21:49:06:589.597,78546589.597,39.577,0,0,392,no,-9,2,ON
392, 21:49:06:629.112,78546629.112,39.515,0,0,393,no,-11,2,ON
393, 21:49:06:668.768,78546668.768,39.655,0,0,394,no,-11,2,ON
394, 21:49:06:708.155,78546708.155,39.387,0,0,395,no,-12,3,ON
395, 21:49:06:748.026,78546748.026,39.872,0,0,396,no,-12,3,ON
396, 21:49:06:786.996,78546786.996,38.970,0,0,397,no,-12,4,ON
397, 21:49:06:826.685,78546826.685,39.689,0,0,398,no,-12,5,ON
398, 21:49:06:866.076,78546866.076,39.391,0,0,399,no,-12,6,ON
399, 21:49:06:905.564,78546905.564,39.488,0,0,400,no,-10,9,ON
400, 21:49:06:945.017,78546945.017,39.453,0,0,401,no,-9,10,ON
401, 21:49:06:984.532,78546984.532,39.515,0,0,402,no,-9,10,ON
402, 21:49:07:24.125,78547024.125,39.593,0,0,403,no,-10,11,ON
403, 21:49:07:63.859,78547063.859,39.735,0,0,404,no,-10,10,ON
404, 21:49:07:102.796,78547102.796,38.936,0,0,405,no,-10,9,ON
405, 21:49:07:142.275,78547142.275,39.479,0,0,406,no,-10,8,ON
406, 21:49:07:181.803,78547181.803,39.528,0,0,407,no,-10,7,ON
407, 21:49:07:221.375,78547221.375,39.572,0,0,408,no,-10,6,ON
408, 21:49:07:260.857,78547260.857,39.482,0,0,409,no,-10,5,ON
409, 21:49:07:300.423,78547300.423,39.566,0,0,410,no,-9,4,ON
410, 21:49:07:339.850,78547339.850,39.428,0,0,411,no,-7,5,ON
411, 21:49:07:379.440,78547379.440,39.589,0,0,412,no,-6,5,ON
412, 21:49:07:418.826,78547418.826,39.386,0,0,413,no,-6,4,ON
413, 21:49:07:458.142,78547458.142,39.316,0,0,414,no,-7,2,ON
414, 21:49:07:498.022,78547498.022,39.879,0,0,415,no,-8,1,ON
415, 21:49:07:537.195,78547537.195,39.174,0,0,416,no,-9,0,ON
416, 21:49:07:576.778,78547576.778,39.583,0,0,417,no,-9,0,ON
417, 21:49:07:616.343,78547616.343,39.565,0,0,418,no,-10,0,ON
418, 21:49:07:655.742,78547655.742,39.399,0,0,419,no,-10,0,ON
419, 21:49:07:695.271,78547695.271,39.528,0,0,420,no,-10,0,ON
420, 21:49:07:734.816,78547734.816,39.546,0,0,421,no,-9,0,ON
421, 21:49:07:774.382,78547774.382,39.566,0,0,422,no,-8,1,ON
422, 21:49:07:813.913,78547813.913,39.530,0,0,423,no,-7,1,ON
423, 21:49:07:853.253,78547853.253,39.341,0,0,424,no,-8,0,ON
424, 21:49:07:892.755,78547892.755,39.502,0,0,425,no,-9,0,ON
425, 21:49:07:932.424,78547932.424,39.669,0,0,426,no,-9,-2,ON
426, 21:49:07:971.975,78547971.975,39.551,0,0,427,no,-10,-2,ON
427, 21:49:08:11.464,78548011.464,39.489,0,0,428,no,-10,-2,ON
428, 21:49:08:50.893,78548050.893,39.428,0,0,429,no,-11,-2,ON
429, 21:49:08:90.691,78548090.691,39.799,0,0,430,no,-11,-2,ON
430, 21:49:08:129.927,78548129.927,39.236,0,0,431,no,-11,-2,ON
431, 21:49:08:169.618,78548169.618,39.691,0,0,432,no,-10,-2,ON
432, 21:49:08:208.939,78548208.939,39.321,0,0,433,no,-8,0,ON
433, 21:49:08:248.712,78548248.712,39.772,0,0,434,no,-7,0,ON
434, 21:49:08:288.134,78548288.134,39.422,0,0,435,no,-8,-1,ON
435, 21:49:08:327.431,78548327.431,39.297,0,0,436,no,-9,-1,ON
436, 21:49:08:367.494,78548367.494,40.063,0,0,437,no,-10,-2,ON
437, 21:49:08:406.514,78548406.514,39.020,0,0,438,no,-10,-3,ON
438, 21:49:08:445.985,78548445.985,39.471,0,0,439,no,-10,-3,ON
439, 21:49:08:485.450,78548485.450,39.465,0,0,440,no,-11,-3,ON
440, 21:49:08:524.928,78548524.928,39.478,0,0,441,no,-11,-2,ON
441, 21:49:08:564.460,78548564.460,39.532,0,0,442,no,-11,-2,ON
442, 21:49:08:603.916,78548603.916,39.456,0,0,443,no,-10,-2,ON
443, 21:49:08:643.415,78548643.415,39.499,0,0,444,no,-8,0,ON
444, 21:49:08:683.097,78548683.097,39.682,0,0,445,no,-7,0,ON
445, 21:49:08:722.400,78548722.400,39.303,0,0,446,no,-7,-1,ON
446, 21:49:08:762.004,78548762.004,39.604,0,0,447,no,-8,-2,ON
447, 21:49:08:801.391,78548801.391,39.388,0,0,448,no,-9,-3,ON
448, 21:49:08:841.005,78548841.005,39.614,0,0,449,no,-10,-3,ON
449, 21:49:08:880.313,78548880.313,39.308,0,0,450,no,-10,-3,ON
450, 21:49:08:919.996,78548919.996,39.683,0,0,451,no,-10,-3,ON
451, 21:49:08:959.367,78548959.367,39.371,0,0,452,no,-10,-3,ON
452, 21:49:08:999.230,78548999.230,39.863,0,0,453,no,-10,-3,ON
453, 21:49:09:38.386,78549038.386,39.156,0,0,454,no,-9,-2,ON
454, 21:49:09:78.005,78549078.005,39.619,0,0,455,no,-7,0,ON
455, 21:49:09:117.349,78549117.349,39.344,0,0,456,no,-6,0,ON
456, 21:49:09:156.996,78549156.996,39.647,0,0,457,no,-7,-1,ON
457, 21:49:09:196.534,78549196.534,39.538,0,0,458,no,-8,-2,ON
458, 21:49:09:236.458,78549236.458,39.924,0,0,459,no,-9,-3,ON
459, 21:49:09:275.499,78549275.499,39.041,0,0,460,no,-9,-3,ON
460, 21:49:09:315.157,78549315.157,39.658,0,0,461,no,-10,-3,ON
461, 21:49:09:354.347,78549354.347,39.190,0,0,462,no,-10,-3,ON
462, 21:49:09:393.938,78549393.938,39.591,0,0,463,no,-11,-3,ON
463, 21:49:09:433.513,78549433.513,39.574,0,0,464,no,-10,-3,ON
464, 21:49:09:472.834,78549472.834,39.322,0,0,465,no,-9,-2,ON
465, 21:49:09:512.265,78549512.265,39.430,0,0,466,no,-7,-1,ON
466, 21:49:09:552.161,78549552.161,39.896,0,0,467,no,-7,-1,ON
467, 21:49:09:591.386,78549591.386,39.225,0,0,468,no,-7,-1,ON
468, 21:49:09:630.889,78549630.889,39.503,0,0,469,no,-8,-2,ON
469, 21:49:09:670.359,78549670.359,39.470,0,0,470,no,-10,-2,ON
470, 21:49:09:709.907,78549709.907,39.547,0,0,471,no,-10,-2,ON
471, 21:49:09:749.443,78549749.443,39.537,0,0,472,no,-11,-2,ON
472, 21:49:09:789.004,78549789.004,39.561,0,0,473,no,-11,-1,ON
473, 21:49:09:828.296,78549828.296,39.292,0,0,474,no,-12,0,ON
474, 21:49:09:867.809,78549867.809,39.512,0,0,475,no,-12,1,ON
475, 21:49:09:907.347,78549907.347,39.538,0,0,476,no,-11,2,ON
476, 21:49:09:946.832,78549946.832,39.485,0,0,477,no,-9,4,ON
477, 21:49:09:986.536,78549986.536,39.704,0,0,478,no,-8,5,ON
478, 21:49:10:25.759,78550025.759,39.223,0,0,479,no,-9,5,ON
479, 21:49:10:65.142,78550065.142,39.383,0,0,480,no,-10,5,ON
480, 21:49:10:104.569,78550104.569,39.427,0,0,481,no,-11,5,ON
481, 21:49:10:144.067,78550144.067,39.498,0,0,482,no,-12,5,ON
482, 21:49:10:184.020,78550184.020,39.953,0,0,483,no,-12,6,ON
483, 21:49:10:223.150,78550223.150,39.129,0,0,484,no,-12,7,ON
484, 21:49:10:262.765,78550262.765,39.616,0,0,485,no,-13,9,ON
485, 21:49:10:302.228,78550302.228,39.463,0,0,486,no,-12,10,ON
486, 21:49:10:341.859,78550341.859,39.631,0,0,487,no,-11,11,ON
487, 21:49:10:381.249,78550381.249,39.390,0,0,488,no,-9,13,ON
488, 21:49:10:420.843,78550420.843,39.594,0,0,489,no,-7,12,ON
489, 21:49:10:460.434,78550460.434,39.591,0,0,490,no,-7,11,ON
490, 21:49:10:500.071,78550500.071,39.637,0,0,491,no,-8,9,ON
491, 21:49:10:539.376,78550539.376,39.305,0,0,492,no,-8,6,ON
492, 21:49:10:578.806,78550578.806,39.431,0,0,493,no,-9,5,ON
493, 21:49:10:618.250,78550618.250,39.443,0,0,494,no,-9,4,ON
494, 21:49:10:657.716,78550657.716,39.466,0,0,495,no,-9,3,ON
495, 21:49:10:697.107,78550697.107,39.391,0,0,496,no,-10,3,ON
496, 21:49:10:736.832,78550736.832,39.725,0,0,497,no,-10,2,ON
497, 21:49:10:776.229,78550776.229,39.397,0,0,498,no,-9,2,ON
498, 21:49:10:815.654,78550815.654,39.425,0,0,499,no,-7,3,ON
499, 21:49:10:855.114,78550855.114,39.460,0,0,500,no,-6,3,ON
500, 21:49:10:894.695,78550894.695,39.581,0,0,501,no,-6,2,ON
501, 21:49:10:934.235,78550934.235,39.540,0,0,502,no,-7,1,ON
502, 21:49:10:973.739,78550973.739,39.505,0,0,503,no,-8,0,ON
503, 21:49:11:13.274,78551013.274,39.535,0,0,504,no,-9,0,ON
504, 21:49:11:52.700,78551052.700,39.426,0,0,505,no,-9,0,ON
505, 21:49:11:92.103,78551092.103,39.403,0,0,506,no,-10,-1,ON
506, 21:49:11:131.718,78551131.718,39.615,0,0,507,no,-10,0,ON
507, 21:49:11:171.241,78551171.241,39.523,0,0,508,no,-10,-1,ON
508, 21:49:11:210.756,78551210.756,39.515,0,0,509,no,-9,0,ON
509, 21:49:11:250.600,78551250.600,39.844,0,0,510,no,-7,1,ON
510, 21:49:11:289.777,78551289.777,39.177,0,0,511,no,-7,2,ON
511, 21:49:11:329.274,78551329.274,39.497,0,0,512,no,-7,1,ON
512, 21:49:11:368.878,78551368.878,39.604,0,0,513,no,-8,0,ON
513, 21:49:11:408.213,78551408.213,39.335,0,0,514,no,-9,-1,ON
514, 21:49:11:447.658,78551447.658,39.445,0,0,515,no,-10,-1,ON
515, 21:49:11:487.194,78551487.194,39.536,0,0,516,no,-10,-1,ON
516, 21:49:11:526.767,78551526.767,39.573,0,0,517,no,-11,-2,ON
517, 21:49:11:566.112,78551566.112,39.345,0,0,518,no,-11,-1,ON
518, 21:49:11:605.714,78551605.714,39.601,0,0,519,no,-11,-1,ON
519, 21:49:11:645.149,78551645.149,39.436,0,0,520,no,-10,-1,ON
520, 21:49:11:685.196,78551685.196,40.047,0,0,521,no,-8,1,ON
521, 21:49:11:724.153,78551724.153,38.957,0,0,522,no,-7,1,ON
522, 21:49:11:763.614,78551763.614,39.461,0,0,523,no,-7,0,ON
523, 21:49:11:803.227,78551803.227,39.613,0,0,524,no,-8,-1,ON
524, 21:49:11:842.626,78551842.626,39.399,0,0,525,no,-9,-2,ON
525, 21:49:11:882.060,78551882.060,39.434,0,0,526,no,-10,-2,ON
526, 21:49:11:921.653,78551921.653,39.593,0,0,527,no,-10,-2,ON
527, 21:49:11:961.101,78551961.101,39.448,0,0,528,no,-10,-2,ON
528, 21:49:12:0.880,78552000.880,39.778,0,0,529,no,-10,-2,ON
529, 21:49:12:40.100,78552040.100,39.221,0,0,530,no,-10,-2,ON
530, 21:49:12:79.688,78552079.688,39.588,0,0,531,no,-9,-1,ON
531, 21:49:12:119.070,78552119.070,39.382,0,0,532,no,-7,0,ON
532, 21:49:12:158.712,78552158.712,39.642,0,0,533,no,-6,0,ON
533, 21:49:12:198.243,78552198.243,39.530,0,0,534,no,-7,-1,ON
534, 21:49:12:237.877,78552237.877,39.634,0,0,535,no,-8,-1,ON
535, 21:49:12:277.217,78552277.217,39.341,0,0,536,no,-9,-2,ON
536, 21:49:12:316.706,78552316.706,39.489,0,0,537,no,-9,-3,ON
537, 21:49:12:356.159,78552356.159,39.453,0,0,538,no,-9,-2,ON
538, 21:49:12:395.538,78552395.538,39.379,0,0,539,no,-9,-2,ON
539, 21:49:12:435.190,78552435.190,39.652,0,0,540,no,-10,-2,ON
540, 21:49:12:474.499,78552474.499,39.309,0,0,541,no,-9,-2,ON
541, 21:49:12:513.925,78552513.925,39.425,0,0,542,no,-9,-1,ON
542, 21:49:12:553.609,78552553.609,39.685,0,0,543,no,-6,0,ON
543, 21:49:12:593.094,78552593.094,39.485,0,0,544,no,-6,0,ON
544, 21:49:12:632.313,78552632.313,39.219,0,0,545,no,-6,-1,ON
545, 21:49:12:671.903,78552671.903,39.590,0,0,546,no,-7,-2,ON
546, 21:49:12:711.413,78552711.413,39.510,0,0,547,no,-8,-3,ON
547, 21:49:12:751.171,78552751.171,39.758,0,0,548,no,-9,-3,ON
548, 21:49:12:790.426,78552790.426,39.255,0,0,549,no,-9,-3,ON
549, 21:49:12:829.948,78552829.948,39.522,0,0,550,no,-10,-3,ON
550, 21:49:12:869.413,78552869.413,39.465,0,0,551,no,-10,-2,ON
551, 21:49:12:908.884,78552908.884,39.471,0,0,552,no,-10,-2,ON
552, 21:49:12:948.330,78552948.330,39.446,0,0,553,no,-9,-1,ON
553, 21:49:12:988.012,78552988.012,39.683,0,0,554,no,-7,1,ON
554, 21:49:13:27.631,78553027.631,39.618,0,0,555,no,-7,2,ON
555, 21:49:13:67.072,78553067.072,39.441,0,0,556,no,-7,1,ON
556, 21:49:13:106.406,78553106.406,39.334,0,0,557,no,-8,1,ON
557, 21:49:13:145.860,78553145.860,39.453,0,0,558,no,-9,1,ON
558, 21:49:13:185.435,78553185.435,39.576,0,0,559,no,-10,1,ON
559, 21:49:13:224.915,78553224.915,39.479,0,0,560,no,-10,2,ON
560, 21:49:13:264.379,78553264.379,39.464,0,0,561,no,-11,3,ON
561, 21:49:13:303.836,78553303.836,39.457,0,0,562,no,-11,4,ON
562, 21:49:13:343.350,78553343.350,39.514,0,0,563,no,-11,4,ON
563, 21:49:13:383.040,78553383.040,39.690,0,0,564,no,-10,6,ON
564, 21:49:13:422.497,78553422.497,39.458,0,0,565,no,-8,8,ON
565, 21:49:13:461.852,78553461.852,39.355,0,0,566,no,-7,9,ON
566, 21:49:13:501.699,78553501.699,39.847,0,0,567,no,-8,9,ON
567, 21:49:13:541.087,78553541.087,39.388,0,0,568,no,-9,9,ON
568, 21:49:13:580.444,78553580.444,39.357,0,0,569,no,-10,9,ON
569, 21:49:13:620.273,78553620.273,39.829,0,0,570,no,-10,10,ON
570, 21:49:13:659.387,78553659.387,39.114,0,0,571,no,-10,11,ON
571, 21:49:13:699.089,78553699.089,39.702,0,0,572,no,-10,11,ON
572, 21:49:13:738.505,78553738.505,39.417,0,0,573,no,-10,10,ON
573, 21:49:13:778.078,78553778.078,39.573,0,0,574,no,-9,9,ON
574, 21:49:13:817.551,78553817.551,39.473,0,0,575,no,-8,9,ON
575, 21:49:13:857.071,78553857.071,39.520,0,0,576,no,-6,9,ON
576, 21:49:13:896.606,78553896.606,39.535,0,0,577,no,-5,8,ON
577, 21:49:13:936.368,78553936.368,39.762,0,0,578,no,-5,6,ON
578, 21:49:13:975.397,78553975.397,39.029,0,0,579,no,-6,5,ON
579, 21:49:14:14.968,78554014.968,39.570,0,0,580,no,-7,3,ON
580, 21:49:14:54.502,78554054.502,39.535,0,0,581,no,-8,2,ON
581, 21:49:14:94.003,78554094.003,39.501,0,0,582,no,-8,2,ON
582, 21:49:14:133.475,78554133.475,39.472,0,0,583,no,-9,1,ON
583, 21:49:14:173.002,78554173.002,39.527,0,0,584,no,-9,1,ON
584, 21:49:14:212.444,78554212.444,39.442,0,0,585,no,-9,1,ON
585, 21:49:14:252.238,78554252.238,39.795,0,0,586,no,-8,2,ON
586, 21:49:14:291.423,78554291.423,39.184,0,0,587,no,-6,3,ON
587, 21:49:14:331.013,78554331.013,39.590,0,0,588,no,-6,3,ON
588, 21:49:14:370.819,78554370.819,39.806,0,0,589,no,-7,2,ON
589, 21:49:14:410.185,78554410.185,39.366,0,0,590,no,-8,1,ON
590, 21:49:14:449.410,78554449.410,39.225,0,0,591,no,-9,0,ON
591, 21:49:14:488.937,78554488.937,39.528,0,0,592,no,-9,-1,ON
592, 21:49:14:528.453,78554528.453,39.516,0,0,593,no,-9,-1,ON
593, 21:49:14:567.964,78554567.964,39.511,0,0,594,no,-10,-1,ON
594, 21:49:14:607.413,78554607.413,39.449,0,0,595,no,-10,0,ON
595, 21:49:14:646.930,78554646.930,39.517,0,0,596,no,-10,-1,ON
596, 21:49:14:686.597,78554686.597,39.668,0,0,597,no,-10,0,ON
597, 21:49:14:725.900,78554725.900,39.303,0,0,598,no,-8,1,ON
598, 21:49:14:765.420,78554765.420,39.520,0,0,599,no,-7,1,ON
599, 21:49:14:804.524,78554804.524,39.104,0,0,600,no,-8,0,ON
600, 21:49:14:844.303,78554844.303,39.779,0,0,601,no,-8,-1,ON
601, 21:49:14:883.672,78554883.672,39.369,0,0,602,no,-10,-1,ON
602, 21:49:14:923.153,78554923.153,39.481,0,0,603,no,-10,-1,ON
603, 21:49:14:962.684,78554962.684,39.531,0,0,604,no,-11,-1,ON
604, 21:49:15:2.238,78555002.238,39.553,0,0,605,no,-11,-1,ON
605, 21:49:15:41.781,78555041.781,39.544,0,0,606,no,-11,-1,ON
606, 21:49:15:81.203,78555081.203,39.422,0,0,607,no,-11,-2,ON
607, 21:49:15:121.239,78555121.239,40.035,0,0,608,no,-10,0,ON
608, 21:49:15:160.978,78555160.978,39.740,0,0,609,no,-8,1,ON
609, 21:49:15:200.161,78555200.161,39.183,0,0,610,no,-8,1,ON
610, 21:49:15:239.398,78555239.398,39.237,0,0,611,no,-8,0,ON
611, 21:49:15:278.895,78555278.895,39.497,0,0,612,no,-9,-1,ON
612, 21:49:15:318.351,78555318.351,39.456,0,0,613,no,-10,-2,ON
613, 21:49:15:358.012,78555358.012,39.661,0,0,614,no,-10,-2,ON
614, 21:49:15:397.334,78555397.334,39.322,0,0,615,no,-10,-2,ON
615, 21:49:15:437.269,78555437.269,39.935,0,0,616,no,-11,-2,ON
616, 21:49:15:476.409,78555476.409,39.140,0,0,617,no,-11,-2,ON
617, 21:49:15:516.011,78555516.011,39.602,0,0,618,no,-11,-2,ON
618, 21:49:15:555.447,78555555.447,39.437,0,0,619,no,-10,-1,ON
619, 21:49:15:594.907,78555594.907,39.459,0,0,620,no,-7,0,ON
620, 21:49:15:634.434,78555634.434,39.527,0,0,621,no,-7,1,ON
621, 21:49:15:673.860,78555673.860,39.426,0,0,622,no,-7,0,ON
622, 21:49:15:713.485,78555713.485,39.625,0,0,623,no,-8,-1,ON
623, 21:49:15:753.082,78555753.082,39.597,0,0,624,no,-9,-2,ON
624, 21:49:15:792.205,78555792.205,39.123,0,0,625,no,-9,-2,ON
625, 21:49:15:831.801,78555831.801,39.596,0,0,626,no,-10,-2,ON
626, 21:49:15:871.423,78555871.423,39.622,0,0,627,no,-10,-2,ON
627, 21:49:15:910.862,78555910.862,39.439,0,0,628,no,-10,-2,ON
628, 21:49:15:950.397,78555950.397,39.535,0,0,629,no,-10,-2,ON
629, 21:49:15:989.819,78555989.819,39.422,0,0,630,no,-9,-1,ON
630, 21:49:16:29.209,78556029.209,39.391,0,0,631,no,-7,0,ON
631, 21:49:16:68.705,78556068.705,39.496,0,0,632,no,-6,0,ON
632, 21:49:16:108.183,78556108.183,39.477,0,0,633,no,-7,-1,ON
633, 21:49:16:147.838,78556147.838,39.655,0,0,634,no,-8,-1,ON
634, 21:49:16:187.442,78556187.442,39.604,0,0,635,no,-9,-2,ON
635, 21:49:16:226.634,78556226.634,39.192,0,0,636,no,-9,-2,ON
636, 21:49:16:266.236,78556266.236,39.603,0,0,637,no,-10,-2,ON
637, 21:49:16:305.771,78556305.771,39.535,0,0,638,no,-10,-1,ON
638, 21:49:16:345.214,78556345.214,39.442,0,0,639,no,-10,0,ON
639, 21:49:16:384.610,78556384.610,39.397,0,0,640,no,-11,0,ON
640, 21:49:16:424.196,78556424.196,39.585,0,0,641,no,-10,1,ON
641, 21:49:16:463.754,78556463.754,39.558,0,0,642,no,-8,3,ON
642, 21:49:16:503.227,78556503.227,39.474,0,0,643,no,-7,4,ON
643, 21:49:16:542.926,78556542.926,39.699,0,0,644,no,-8,4,ON
644, 21:49:16:582.245,78556582.245,39.319,0,0,645,no,-9,4,ON
645, 21:49:16:622.091,78556622.091,39.846,0,0,646,no,-10,4,ON
646, 21:49:16:661.279,78556661.279,39.189,0,0,647,no,-10,4,ON
647, 21:49:16:700.718,78556700.718,39.439,0,0,648,no,-11,5,ON
648, 21:49:16:740.881,78556740.881,40.162,0,0,649,no,-11,6,ON
649, 21:49:16:779.777,78556779.777,38.897,0,0,650,no,-11,7,ON
650, 21:49:16:819.168,78556819.168,39.390,0,0,651,no,-11,8,ON
651, 21:49:16:858.601,78556858.601,39.433,0,0,652,no,-11,9,ON
652, 21:49:16:898.093,78556898.093,39.492,0,0,653,no,-8,12,ON
653, 21:49:16:937.693,78556937.693,39.600,0,0,654,no,-8,13,ON
654, 21:49:16:977.132,78556977.132,39.439,0,0,655,no,-8,13,ON
655, 21:49:17:16.582,78557016.582,39.450,0,0,656,no,-8,12,ON
656, 21:49:17:56.253,78557056.253,39.671,0,0,657,no,-8,10,ON
657, 21:49:17:95.560,78557095.560,39.307,0,0,658,no,-8,8,ON
658, 21:49:17:134.993,78557134.993,39.433,0,0,659,no,-8,8,ON
659, 21:49:17:174.541,78557174.541,39.547,0,0,660,no,-9,6,ON
660, 21:49:17:213.984,78557213.984,39.443,0,0,661,no,-9,6,ON
661, 21:49:17:253.302,78557253.302,39.318,0,0,662,no,-9,5,ON
662, 21:49:17:293.063,78557293.063,39.761,0,0,663,no,-8,4,ON
663, 21:49:17:332.403,78557332.403,39.340,0,0,664,no,-6,5,ON
664, 21:49:17:372.332,78557372.332,39.930,0,0,665,no,-5,5,ON
665, 21:49:17:411.356,78557411.356,39.023,0,0,666,no,-6,3,ON
666, 21:49:17:450.942,78557450.942,39.587,0,0,667,no,-7,2,ON
667, 21:49:17:490.619,78557490.619,39.677,0,0,668,no,-8,1,ON
668, 21:49:17:530.051,78557530.051,39.431,0,0,669,no,-9,1,ON
669, 21:49:17:569.463,78557569.463,39.413,0,0,670,no,-9,1,ON
670, 21:49:17:608.967,78557608.967,39.503,0,0,671,no,-9,1,ON
671, 21:49:17:648.608,78557648.608,39.642,0,0,672,no,-10,1,ON
672, 21:49:17:688.496,78557688.496,39.888,0,0,673,no,-10,0,ON
673, 21:49:17:727.527,78557727.527,39.031,0,0,674,no,-9,1,ON
674, 21:49:17:767.002,78557767.002,39.474,0,0,675,no,-7,2,ON
675, 21:49:17:806.950,78557806.950,39.948,0,0,676,no,-7,2,ON
676, 21:49:17:846.118,78557846.118,39.168,0,0,677,no,-7,1,ON
677, 21:49:17:885.496,78557885.496,39.378,0,0,678,no,-8,0,ON
678, 21:49:17:924.891,78557924.891,39.395,0,0,679,no,-9,0,ON
679, 21:49:17:964.496,78557964.496,39.606,0,0,680,no,-10,-1,ON
680, 21:49:18:4.063,78558004.063,39.567,0,0,681,no,-10,-1,ON
681, 21:49:18:43.452,78558043.452,39.389,0,0,682,no,-11,-1,ON
682, 21:49:18:83.048,78558083.048,39.597,0,0,683,no,-11,-1,ON
683, 21:49:18:122.701,78558122.701,39.652,0,0,684,no,-11,-1,ON
684, 21:49:18:162.010,78558162.010,39.309,0,0,685,no,-10,0,ON
685, 21:49:18:201.871,78558201.871,39.861,0,0,686,no,-8,1,ON
686, 21:49:18:240.993,78558240.993,39.122,0,0,687,no,-7,1,ON
687, 21:49:18:280.658,78558280.658,39.665,0,0,688,no,-8,1,ON
688, 21:49:18:319.962,78558319.962,39.304,0,0,689,no,-9,0,ON
689, 21:49:18:359.475,78558359.475,39.513,0,0,690,no,-10,-1,ON
690, 21:49:18:399.001,78558399.001,39.525,0,0,691,no,-10,-2,ON
691, 21:49:18:438.467,78558438.467,39.467,0,0,692,no,-11,-1,ON
692, 21:49:18:478.121,78558478.121,39.654,0,0,693,no,-11,-1,ON
693, 21:49:18:517.465,78558517.465,39.344,0,0,694,no,-11,-1,ON
694, 21:49:18:557.350,78558557.350,39.885,0,0,695,no,-11,-1,ON
695, 21:49:18:596.466,78558596.466,39.117,0,0,696,no,-11,0,ON
696, 21:49:18:636.068,78558636.068,39.602,0,0,697,no,-8,1,ON
697, 21:49:18:675.557,78558675.557,39.489,0,0,698,no,-8,1,ON
698, 21:49:18:714.834,78558714.834,39.276,0,0,699,no,-8,0,ON
699, 21:49:18:754.430,78558754.430,39.596,0,0,700,no,-9,-1,ON
700, 21:49:18:793.914,78558793.914,39.484,0,0,701,no,-10,-2,ON
701, 21:49:18:833.364,78558833.364,39.451,0,0,702,no,-11,-2,ON
702, 21:49:18:873.286,78558873.286,39.922,0,0,703,no,-11,-2,ON
703, 21:49:18:912.404,78558912.404,39.118,0,0,704,no,-11,-2,ON
704, 21:49:18:951.929,78558951.929,39.525,0,0,705,no,-12,-1,ON
705, 21:49:18:991.386,78558991.386,39.457,0,0,706,no,-11,-2,ON
706, 21:49:19:30.869,78559030.869,39.484,0,0,707,no,-10,-1,ON
707, 21:49:19:70.696,78559070.696,39.827,0,0,708,no,-8,1,ON
708, 21:49:19:110.079,78559110.079,39.383,0,0,709,no,-8,1,ON
709, 21:49:19:149.489,78559149.489,39.410,0,0,710,no,-8,0,ON
710, 21:49:19:189.095,78559189.095,39.606,0,0,711,no,-8,-1,ON
711, 21:49:19:228.435,78559228.435,39.340,0,0,712,no,-9,-2,ON
712, 21:49:19:268.052,78559268.052,39.617,0,0,713,no,-10,-2,ON
713, 21:49:19:307.523,78559307.523,39.471,0,0,714,no,-10,-2,ON
714, 21:49:19:346.909,78559346.909,39.386,0,0,715,no,-10,-2,ON
715, 21:49:19:386.536,78559386.536,39.626,0,0,716,no,-11,-2,ON
716, 21:49:19:425.848,78559425.848,39.313,0,0,717,no,-10,-2,ON
717, 21:49:19:465.929,78559465.929,40.081,0,0,718,no,-10,-1,ON
718, 21:49:19:505.050,78559505.050,39.121,0,0,719,no,-7,0,ON
719, 21:49:19:544.491,78559544.491,39.441,0,0,720,no,-7,1,ON
720, 21:49:19:584.006,78559584.006,39.515,0,0,721,no,-8,0,ON
721, 21:49:19:623.602,78559623.602,39.596,0,0,722,no,-9,0,ON
722, 21:49:19:663.041,78559663.041,39.439,0,0,723,no,-10,0,ON
723, 21:49:19:702.483,78559702.483,39.443,0,0,724,no,-10,0,ON
724, 21:49:19:741.825,78559741.825,39.342,0,0,725,no,-10,1,ON
725, 21:49:19:781.489,78559781.489,39.664,0,0,726,no,-11,2,ON
726, 21:49:19:821.004,78559821.004,39.515,0,0,727,no,-11,2,ON
727, 21:49:19:860.584,78559860.584,39.580,0,0,728,no,-11,3,ON
728, 21:49:19:900.067,78559900.067,39.482,0,0,729,no,-10,5,ON
729, 21:49:19:939.647,78559939.647,39.581,0,0,730,no,-8,7,ON
730, 21:49:19:978.970,78559978.970,39.322,0,0,731,no,-7,8,ON
731, 21:49:20:18.626,78560018.626,39.656,0,0,732,no,-8,8,ON
732, 21:49:20:58.264,78560058.264,39.637,0,0,733,no,-9,8,ON
733, 21:49:20:97.496,78560097.496,39.233,0,0,734,no,-10,7,ON
734, 21:49:20:137.101,78560137.101,39.605,0,0,735,no,-11,8,ON
735, 21:49:20:176.566,78560176.566,39.465,0,0,736,no,-11,9,ON
736, 21:49:20:215.981,78560215.981,39.415,0,0,737,no,-11,10,ON
737, 21:49:20:255.420,78560255.420,39.439,0,0,738,no,-12,11,ON
738, 21:49:20:294.988,78560294.988,39.568,0,0,739,no,-11,12,ON
739, 21:49:20:334.423,78560334.423,39.436,0,0,740,no,-10,13,ON
740, 21:49:20:373.891,78560373.891,39.468,0,0,741,no,-7,13,ON
741, 21:49:20:413.392,78560413.392,39.501,0,0,742,no,-6,11,ON
742, 21:49:20:452.890,78560452.890,39.499,0,0,743,no,-6,10,ON
743, 21:49:20:492.272,78560492.272,39.382,0,0,744,no,-7,8,ON
744, 21:49:20:531.977,78560531.977,39.704,0,0,745,no,-8,6,ON
745, 21:49:20:571.388,78560571.388,39.412,0,0,746,no,-9,5,ON
746, 21:49:20:611.005,78560611.005,39.617,0,0,747,no,-8,4,ON
747, 21:49:20:650.420,78560650.420,39.415,0,0,748,no,-9,3,ON
748, 21:49:20:689.909,78560689.909,39.489,0,0,749,no,-9,3,ON
749, 21:49:20:729.389,78560729.389,39.480,0,0,750,no,-9,2,ON
750, 21:49:20:768.914,78560768.914,39.525,0,0,751,no,-9,2,ON
751, 21:49:20:808.708,78560808.708,39.794,0,0,752,no,-7,4,ON
752, 21:49:20:847.840,78560847.840,39.132,0,0,753,no,-6,4,ON
753, 21:49:20:887.395,78560887.395,39.555,0,0,754,no,-7,3,ON
754, 21:49:20:926.933,78560926.933,39.538,0,0,755,no,-7,2,ON
755, 21:49:20:966.377,78560966.377,39.444,0,0,756,no,-9,1,ON
756, 21:49:21:5.889,78561005.889,39.512,0,0,757,no,-9,0,ON
757, 21:49:21:45.346,78561045.346,39.456,0,0,758,no,-10,0,ON
758, 21:49:21:84.806,78561084.806,39.461,0,0,759,no,-10,0,ON
759, 21:49:21:124.218,78561124.218,39.412,0,0,760,no,-10,0,ON
760, 21:49:21:163.795,78561163.795,39.577,0,0,761,no,-10,0,ON
761, 21:49:21:203.396,78561203.396,39.601,0,0,762,no,-10,1,ON
762, 21:49:21:242.900,78561242.900,39.504,0,0,763,no,-8,2,ON
763, 21:49:21:282.353,78561282.353,39.453,0,0,764,no,-7,2,ON
764, 21:49:21:321.883,78561321.883,39.530,0,0,765,no,-8,1,ON
765, 21:49:21:361.436,78561361.436,39.553,0,0,766,no,-9,0,ON
766, 21:49:21:400.792,78561400.792,39.356,0,0,767,no,-10,-1,ON
767, 21:49:21:440.510,78561440.510,39.718,0,0,768,no,-10,-1,ON
768, 21:49:21:479.819,78561479.819,39.309,0,0,769,no,-10,-1,ON
769, 21:49:21:519.482,78561519.482,39.662,0,0,770,no,-11,-1,ON
770, 21:49:21:558.874,78561558.874,39.392,0,0,771,no,-11,-1,ON
771, 21:49:21:598.607,78561598.607,39.733,0,0,772,no,-11,-1,ON
772, 21:49:21:637.797,78561637.797,39.191,0,0,773,no,-11,0,ON
773, 21:49:21:677.499,78561677.499,39.701,0,0,774,no,-8,1,ON
774, 21:49:21:716.853,78561716.853,39.354,0,0,775,no,-8,1,ON
775, 21:49:21:756.298,78561756.298,39.445,0,0,776,no,-8,0,ON
776, 21:49:21:795.798,78561795.798,39.500,0,0,777,no,-9,0,ON
777, 21:49:21:835.389,78561835.389,39.591,0,0,778,no,-10,-1,ON
778, 21:49:21:874.727,78561874.727,39.338,0,0,779,no,-11,-1,ON
779, 21:49:21:914.318,78561914.318,39.591,0,0,780,no,-11,-1,ON
780, 21:49:21:953.765,78561953.765,39.446,0,0,781,no,-12,-1,ON
781, 21:49:21:993.426,78561993.426,39.661,0,0,782,no,-12,-1,ON
782, 21:49:22:32.717,78562032.717,39.291,0,0,783,no,-12,-1,ON
783, 21:49:22:72.245,78562072.245,39.529,0,0,784,no,-11,-1,ON
784, 21:49:22:111.753,78562111.753,39.508,0,0,785,no,-9,1,ON
785, 21:49:22:151.173,78562151.173,39.420,0,0,786,no,-8,1,ON
786, 21:49:22:190.590,78562190.590,39.417,0,0,787,no,-9,0,ON
787, 21:49:22:230.192,78562230.192,39.601,0,0,788,no,-10,-1,ON
788, 21:49:22:269.712,78562269.712,39.520,0,0,789,no,-11,-2,ON
789, 21:49:22:309.359,78562309.359,39.647,0,0,790,no,-11,-2,ON
790, 21:49:22:348.520,78562348.520,39.162,0,0,791,no,-11,-2,ON
791, 21:49:22:388.219,78562388.219,39.699,0,0,792,no,-12,-2,ON
792, 21:49:22:427.877,78562427.877,39.658,0,0,793,no,-12,-1,ON
793, 21:49:22:467.222,78562467.222,39.345,0,0,794,no,-12,-2,ON
794, 21:49:22:506.775,78562506.775,39.554,0,0,795,no,-11,-1,ON
795, 21:49:22:546.465,78562546.465,39.689,0,0,796,no,-8,1,ON
796, 21:49:22:585.732,78562585.732,39.267,0,0,797,no,-8,1,ON
797, 21:49:22:625.178,78562625.178,39.446,0,0,798,no,-8,0,ON
798, 21:49:22:664.587,78562664.587,39.408,0,0,799,no,-9,-1,ON
799, 21:49:22:704.261,78562704.261,39.674,0,0,800,no,-10,-2,ON
800, 21:49:22:743.704,78562743.704,39.443,0,0,801,no,-11,-2,ON
801, 21:49:22:783.083,78562783.083,39.379,0,0,802,no,-11,-2,ON
802, 21:49:22:822.485,78562822.485,39.402,0,0,803,no,-11,-2,ON
803, 21:49:22:861.938,78562861.938,39.453,0,0,804,no,-11,-1,ON
804, 21:49:22:901.369,78562901.369,39.432,0,0,805,no,-11,-1,ON
805, 21:49:22:941.035,78562941.035,39.666,0,0,806,no,-10,1,ON
806, 21:49:22:980.616,78562980.616,39.581,0,0,807,no,-9,2,ON
807, 21:49:23:20.090,78563020.090,39.474,0,0,808,no,-8,3,ON
808, 21:49:23:59.861,78563059.861,39.770,0,0,809,no,-8,3,ON
809, 21:49:23:99.015,78563099.015,39.154,0,0,810,no,-9,3,ON
810, 21:49:23:138.686,78563138.686,39.671,0,0,811,no,-10,2,ON
811, 21:49:23:178.271,78563178.271,39.585,0,0,812,no,-11,3,ON
812, 21:49:23:217.553,78563217.553,39.282,0,0,813,no,-11,4,ON
813, 21:49:23:257.091,78563257.091,39.538,0,0,814,no,-12,5,ON
814, 21:49:23:296.669,78563296.669,39.578,0,0,815,no,-12,6,ON
815, 21:49:23:336.053,78563336.053,39.384,0,0,816,no,-12,6,ON
816, 21:49:23:375.635,78563375.635,39.582,0,0,817,no,-11,7,ON
817, 21:49:23:415.171,78563415.171,39.536,0,0,818,no,-9,10,ON
818, 21:49:23:454.724,78563454.724,39.553,0,0,819,no,-8,11,ON
819, 21:49:23:494.277,78563494.277,39.553,0,0,820,no,-9,11,ON
820, 21:49:23:533.591,78563533.591,39.315,0,0,821,no,-9,11,ON
821, 21:49:23:573.170,78563573.170,39.578,0,0,822,no,-10,11,ON
822, 21:49:23:612.846,78563612.846,39.676,0,0,823,no,-11,11,ON
823, 21:49:23:652.118,78563652.118,39.272,0,0,824,no,-10,11,ON
824, 21:49:23:691.643,78563691.643,39.525,0,0,825,no,-10,10,ON
825, 21:49:23:731.175,78563731.175,39.532,0,0,826,no,-10,9,ON
826, 21:49:23:770.576,78563770.576,39.400,0,0,827,no,-9,7,ON
827, 21:49:23:810.589,78563810.589,40.014,0,0,828,no,-8,7,ON
828, 21:49:23:849.766,78563849.766,39.177,0,0,829,no,-6,8,ON
829, 21:49:23:889.234,78563889.234,39.467,0,0,830,no,-5,7,ON
830, 21:49:23:928.657,78563928.657,39.423,0,0,831,no,-6,5,ON
831, 21:49:23:968.358,78563968.358,39.701,0,0,832,no,-7,4,ON
832, 21:49:24:7.877,78564007.877,39.519,0,0,833,no,-8,2,ON
833, 21:49:24:47.107,78564047.107,39.231,0,0,834,no,-9,2,ON
834, 21:49:24:86.597,78564086.597,39.490,0,0,835,no,-9,2,ON
835, 21:49:24:126.235,78564126.235,39.637,0,0,836,no,-10,1,ON
836, 21:49:24:165.676,78564165.676,39.441,0,0,837,no,-10,2,ON
837, 21:49:24:205.001,78564205.001,39.325,0,0,838,no,-10,1,ON
838, 21:49:24:244.785,78564244.785,39.784,0,0,839,no,-9,1,ON
839, 21:49:24:283.990,78564283.990,39.205,0,0,840,no,-7,3,ON
840, 21:49:24:323.360,78564323.360,39.370,0,0,841,no,-7,3,ON
841, 21:49:24:363.131,78564363.131,39.771,0,0,842,no,-7,2,ON
842, 21:49:24:402.591,78564402.591,39.461,0,0,843,no,-8,1,ON
843, 21:49:24:441.932,78564441.932,39.341,0,0,844,no,-10,0,ON
844, 21:49:24:481.370,78564481.370,39.438,0,0,845,no,-10,0,ON
845, 21:49:24:520.847,78564520.847,39.477,0,0,846,no,-10,0,ON
846, 21:49:24:560.669,78564560.669,39.822,0,0,847,no,-11,0,ON
847, 21:49:24:599.852,78564599.852,39.183,0,0,848,no,-11,0,ON
848, 21:49:24:639.310,78564639.310,39.458,0,0,849,no,-11,0,ON
849, 21:49:24:678.796,78564678.796,39.486,0,0,850,no,-11,0,ON
850, 21:49:24:718.530,78564718.530,39.735,0,0,851,no,-8,2,ON
851, 21:49:24:757.984,78564757.984,39.453,0,0,852,no,-8,2,ON
852, 21:49:24:797.473,78564797.473,39.489,0,0,853,no,-8,1,ON
853, 21:49:24:836.800,78564836.800,39.328,0,0,854,no,-9,0,ON
854, 21:49:24:876.318,78564876.318,39.518,0,0,855,no,-10,-1,ON
855, 21:49:24:915.855,78564915.855,39.537,0,0,856,no,-11,-1,ON
856, 21:49:24:955.508,78564955.508,39.653,0,0,857,no,-11,-1,ON
857, 21:49:24:994.950,78564994.950,39.441,0,0,858,no,-12,-1,ON
858, 21:49:25:34.367,78565034.367,39.417,0,0,859,no,-12,-1,ON
859, 21:49:25:73.727,78565073.727,39.360,0,0,860,no,-12,-1,ON
860, 21:49:25:113.317,78565113.317,39.591,0,0,861,no,-11,0,ON
861, 21:49:25:152.884,78565152.884,39.567,0,0,862,no,-9,1,ON
862, 21:49:25:192.232,78565192.232,39.348,0,0,863,no,-9,1,ON
863, 21:49:25:231.754,78565231.754,39.522,0,0,864,no,-9,1,ON
864, 21:49:25:271.384,78565271.384,39.631,0,0,865,no,-10,0,ON
865, 21:49:25:310.761,78565310.761,39.377,0,0,866,no,-11,-1,ON
866, 21:49:25:350.466,78565350.466,39.705,0,0,867,no,-11,-1,ON
867, 21:49:25:389.775,78565389.775,39.309,0,0,868,no,-12,-1,ON
868, 21:49:25:429.287,78565429.287,39.511,0,0,869,no,-12,-1,ON
869, 21:49:25:468.744,78565468.744,39.458,0,0,870,no,-13,-1,ON
870, 21:49:25:508.311,78565508.311,39.567,0,0,871,no,-13,-1,ON
871, 21:49:25:547.786,78565547.786,39.475,0,0,872,no,-12,-1,ON
872, 21:49:25:587.417,78565587.417,39.631,0,0,873,no,-9,1,ON
873, 21:49:25:626.812,78565626.812,39.395,0,0,874,no,-9,1,ON
874, 21:49:25:666.232,78565666.232,39.420,0,0,875,no,-9,0,ON
875, 21:49:25:705.775,78565705.775,39.543,0,0,876,no,-10,-1,ON
876, 21:49:25:745.512,78565745.512,39.737,0,0,877,no,-11,-2,ON
877, 21:49:25:784.769,78565784.769,39.257,0,0,878,no,-12,-2,ON
878, 21:49:25:824.286,78565824.286,39.518,0,0,879,no,-12,-2,ON
879, 21:49:25:863.848,78565863.848,39.562,0,0,880,no,-12,-2,ON
880, 21:49:25:903.210,78565903.210,39.362,0,0,881,no,-13,-1,ON
881, 21:49:25:942.651,78565942.651,39.440,0,0,882,no,-13,-1,ON
882, 21:49:25:982.300,78565982.300,39.649,0,0,883,no,-12,-1,ON
883, 21:49:26:22.025,78566022.025,39.725,0,0,884,no,-10,1,ON
884, 21:49:26:61.295,78566061.295,39.270,0,0,885,no,-9,1,ON
885, 21:49:26:100.853,78566100.853,39.558,0,0,886,no,-9,0,ON
886, 21:49:26:140.599,78566140.599,39.746,0,0,887,no,-10,0,ON
887, 21:49:26:179.871,78566179.871,39.272,0,0,888,no,-11,-1,ON
888, 21:49:26:219.483,78566219.483,39.612,0,0,889,no,-12,-1,ON
889, 21:49:26:259.392,78566259.392,39.909,0,0,890,no,-12,0,ON
890, 21:49:26:298.374,78566298.374,38.982,0,0,891,no,-13,0,ON
891, 21:49:26:338.000,78566338.000,39.626,0,0,892,no,-13,1,ON
892, 21:49:26:377.452,78566377.452,39.452,0,0,893,no,-13,2,ON
893, 21:49:26:416.885,78566416.885,39.433,0,0,894,no,-12,2,ON
894, 21:49:26:456.475,78566456.475,39.590,0,0,895,no,-10,5,ON
895, 21:49:26:496.077,78566496.077,39.602,0,0,896,no,-9,6,ON
896, 21:49:26:535.359,78566535.359,39.282,0,0,897,no,-9,6,ON
897, 21:49:26:575.381,78566575.381,40.022,0,0,898,no,-10,6,ON
898, 21:49:26:614.423,78566614.423,39.042,0,0,899,no,-11,5,ON
899, 21:49:26:653.897,78566653.897,39.474,0,0,900,no,-12,6,ON
900, 21:49:26:693.338,78566693.338,39.441,0,0,901,no,-12,7,ON
901, 21:49:26:732.696,78566732.696,39.357,0,0,902,no,-12,8,ON
902, 21:49:26:772.452,78566772.452,39.756,0,0,903,no,-13,9,ON
903, 21:49:26:811.884,78566811.884,39.431,0,0,904,no,-13,10,ON
904, 21:49:26:851.392,78566851.392,39.508,0,0,905,no,-12,11,ON
905, 21:49:26:890.839,78566890.839,39.447,0,0,906,no,-10,14,ON
906, 21:49:26:930.656,78566930.656,39.817,0,0,907,no,-8,14,ON
907, 21:49:26:970.128,78566970.128,39.472,0,0,908,no,-8,13,ON
908, 21:49:27:9.496,78567009.496,39.368,0,0,909,no,-8,11,ON
909, 21:49:27:48.920,78567048.920,39.424,0,0,910,no,-9,9,ON
910, 21:49:27:88.334,78567088.334,39.414,0,0,911,no,-9,7,ON
911, 21:49:27:127.919,78567127.919,39.586,0,0,912,no,-9,6,ON
912, 21:49:27:167.299,78567167.299,39.380,0,0,913,no,-9,5,ON
913, 21:49:27:206.933,78567206.933,39.634,0,0,914,no,-10,5,ON
914, 21:49:27:246.617,78567246.617,39.684,0,0,915,no,-10,4,ON
915, 21:49:27:285.922,78567285.922,39.305,0,0,916,no,-9,3,ON
916, 21:49:27:325.526,78567325.526,39.604,0,0,917,no,-8,5,ON
917, 21:49:27:364.834,78567364.834,39.308,0,0,918,no,-7,5,ON
918, 21:49:27:404.215,78567404.215,39.381,0,0,919,no,-7,3,ON
919, 21:49:27:443.932,78567443.932,39.717,0,0,920,no,-8,3,ON
920, 21:49:27:483.226,78567483.226,39.293,0,0,921,no,-9,1,ON
921, 21:49:27:522.882,78567522.882,39.656,0,0,922,no,-9,1,ON
922, 21:49:27:562.334,78567562.334,39.453,0,0,923,no,-10,1,ON
923, 21:49:27:602.134,78567602.134,39.800,0,0,924,no,-10,0,ON
924, 21:49:27:641.394,78567641.394,39.259,0,0,925,no,-11,1,ON
925, 21:49:27:681.066,78567681.066,39.672,0,0,926,no,-11,1,ON
926, 21:49:27:720.451,78567720.451,39.385,0,0,927,no,-10,0,ON
927, 21:49:27:760.084,78567760.084,39.634,0,0,928,no,-9,2,ON
928, 21:49:27:799.370,78567799.370,39.285,0,0,929,no,-7,3,ON
929, 21:49:27:838.916,78567838.916,39.547,0,0,930,no,-8,2,ON
930, 21:49:27:878.286,78567878.286,39.369,0,0,931,no,-9,1,ON
931, 21:49:27:917.891,78567917.891,39.606,0,0,932,no,-10,0,ON
932, 21:49:27:957.225,78567957.225,39.334,0,0,933,no,-11,0,ON
933, 21:49:27:997.013,78567997.013,39.788,0,0,934,no,-11,0,ON
934, 21:49:28:36.215,78568036.215,39.202,0,0,935,no,-12,-1,ON
935, 21:49:28:75.694,78568075.694,39.480,0,0,936,no,-12,0,ON
936, 21:49:28:115.179,78568115.179,39.485,0,0,937,no,-12,0,ON
937, 21:49:28:154.735,78568154.735,39.556,0,0,938,no,-11,-1,ON
938, 21:49:28:194.135,78568194.135,39.399,0,0,939,no,-10,1,ON
939, 21:49:28:233.742,78568233.742,39.607,0,0,940,no,-8,2,ON
940, 21:49:28:273.175,78568273.175,39.434,0,0,941,no,-9,1,ON
941, 21:49:28:312.676,78568312.676,39.501,0,0,942,no,-9,1,ON
942, 21:49:28:351.992,78568351.992,39.316,0,0,943,no,-11,-1,ON
943, 21:49:28:391.702,78568391.702,39.710,0,0,944,no,-11,-1,ON
944, 21:49:28:431.140,78568431.140,39.438,0,0,945,no,-11,-1,ON
945, 21:49:28:470.750,78568470.750,39.610,0,0,946,no,-12,-1,ON
946, 21:49:28:510.079,78568510.079,39.329,0,0,947,no,-12,-1,ON
947, 21:49:28:549.588,78568549.588,39.509,0,0,948,no,-13,0,ON
948, 21:49:28:589.204,78568589.204,39.616,0,0,949,no,-12,-1,ON
949, 21:49:28:628.633,78568628.633,39.430,0,0,950,no,-10,1,ON
950, 21:49:28:668.053,78568668.053,39.419,0,0,951,no,-9,2,ON
951, 21:49:28:707.679,78568707.679,39.626,0,0,952,no,-9,1,ON
952, 21:49:28:747.309,78568747.309,39.630,0,0,953,no,-10,0,ON
953, 21:49:28:786.586,78568786.586,39.277,0,0,954,no,-11,-1,ON
954, 21:49:28:826.163,78568826.163,39.577,0,0,955,no,-12,-1,ON
955, 21:49:28:865.711,78568865.711,39.548,0,0,956,no,-12,-1,ON
956, 21:49:28:905.214,78568905.214,39.503,0,0,957,no,-12,-1,ON
957, 21:49:28:944.461,78568944.461,39.247,0,0,958,no,-13,-1,ON
958, 21:49:28:983.993,78568983.993,39.533,0,0,959,no,-13,-1,ON
959, 21:49:29:23.449,78569023.449,39.456,0,0,960,no,-12,-1,ON
960, 21:49:29:62.965,78569062.965,39.515,0,0,961,no,-11,1,ON
961, 21:49:29:102.438,78569102.438,39.474,0,0,962,no,-9,1,ON
962, 21:49:29:142.070,78569142.070,39.631,0,0,963,no,-9,1,ON
963, 21:49:29:181.933,78569181.933,39.863,0,0,964,no,-10,0,ON
964, 21:49:29:221.107,78569221.107,39.174,0,0,965,no,-11,-1,ON
965, 21:49:29:260.599,78569260.599,39.492,0,0,966,no,-12,-2,ON
966, 21:49:29:300.081,78569300.081,39.482,0,0,967,no,-12,-1,ON
967, 21:49:29:339.627,78569339.627,39.545,0,0,968,no,-13,-1,ON
968, 21:49:29:379.207,78569379.207,39.580,0,0,969,no,-13,-1,ON
969, 21:49:29:418.678,78569418.678,39.471,0,0,970,no,-13,-1,ON
970, 21:49:29:458.107,78569458.107,39.430,0,0,971,no,-13,-1,ON
971, 21:49:29:497.891,78569497.891,39.784,0,0,972,no,-11,1,ON
972, 21:49:29:537.155,78569537.155,39.264,0,0,973,no,-10,3,ON
973, 21:49:29:576.698,78569576.698,39.543,0,0,974,no,-10,3,ON
974, 21:49:29:616.355,78569616.355,39.657,0,0,975,no,-11,2,ON
975, 21:49:29:655.709,78569655.709,39.353,0,0,976,no,-11,2,ON
976, 21:49:29:695.237,78569695.237,39.528,0,0,977,no,-12,2,ON
977, 21:49:29:734.711,78569734.711,39.474,0,0,978,no,-13,3,ON
978, 21:49:29:774.132,78569774.132,39.421,0,0,979,no,-13,4,ON
979, 21:49:29:813.490,78569813.490,39.358,0,0,980,no,-13,4,ON
980, 21:49:29:853.202,78569853.202,39.712,0,0,981,no,-14,5,ON
981, 21:49:29:892.622,78569892.622,39.421,0,0,982,no,-13,5,ON
982, 21:49:29:932.122,78569932.122,39.500,0,0,983,no,-11,8,ON
983, 21:49:29:971.671,78569971.671,39.549,0,0,984,no,-9,10,ON
984, 21:49:30:11.080,78570011.080,39.409,0,0,985,no,-10,10,ON
985, 21:49:30:50.415,78570050.415,39.335,0,0,986,no,-10,10,ON
986, 21:49:30:90.075,78570090.075,39.660,0,0,987,no,-11,10,ON
987, 21:49:30:129.433,78570129.433,39.357,0,0,988,no,-12,10,ON
988, 21:49:30:169.074,78570169.074,39.641,0,0,989,no,-12,11,ON
989, 21:49:30:208.363,78570208.363,39.289,0,0,990,no,-12,12,ON
990, 21:49:30:248.074,78570248.074,39.710,0,0,991,no,-12,12,ON
991, 21:49:30:287.446,78570287.446,39.372,0,0,992,no,-12,11,ON
992, 21:49:30:327.067,78570327.067,39.621,0,0,993,no,-10,9,ON
993, 21:49:30:366.734,78570366.734,39.667,0,0,994,no,-9,10,ON
994, 21:49:30:405.998,78570405.998,39.265,0,0,995,no,-7,10,ON
995, 21:49:30:445.322,78570445.322,39.323,0,0,996,no,-6,9,ON
996, 21:49:30:485.036,78570485.036,39.714,0,0,997,no,-7,7,ON
997, 21:49:30:524.509,78570524.509,39.472,0,0,998,no,-8,5,ON
998, 21:49:30:563.830,78570563.830,39.321,0,0,999,no,-9,4,ON
999, 21:49:30:603.484,78570603.484,39.654,0,0,1000,no,-9,3,ON
1000, 21:49:30:643.039,78570643.039,39.555,0,0,1001,no,-10,3,ON
1001, 21:49:30:682.667,78570682.667,39.628,0,0,1002,no,-10,3,ON
1002, 21:49:30:722.021,78570722.021,39.353,0,0,1003,no,-11,3,ON
1003, 21:49:30:761.417,78570761.417,39.396,0,0,1004,no,-10,1,ON
1004, 21:49:30:800.967,78570800.967,39.551,0,0,1005,no,-9,3,ON
1005, 21:49:30:840.422,78570840.422,39.455,0,0,1006,no,-7,4,ON
1006, 21:49:30:879.885,78570879.885,39.463,0,0,1007,no,-7,3,ON
1007, 21:49:30:919.494,78570919.494,39.609,0,0,1008,no,-8,3,ON
1008, 21:49:30:958.999,78570958.999,39.505,0,0,1009,no,-9,1,ON
1009, 21:49:30:998.427,78570998.427,39.428,0,0,1010,no,-10,1,ON
1010, 21:49:31:37.830,78571037.830,39.403,0,0,1011,no,-11,0,ON
1011, 21:49:31:77.405,78571077.405,39.575,0,0,1012,no,-11,0,ON
1012, 21:49:31:117.405,78571117.405,40.000,0,0,1013,no,-11,0,ON
1013, 21:49:31:156.376,78571156.376,38.971,0,0,1014,no,-11,0,ON
1014, 21:49:31:195.877,78571195.877,39.502,0,0,1015,no,-11,0,ON
1015, 21:49:31:235.287,78571235.287,39.410,0,0,1016,no,-11,1,ON
1016, 21:49:31:274.892,78571274.892,39.605,0,0,1017,no,-9,2,ON
1017, 21:49:31:314.307,78571314.307,39.415,0,0,1018,no,-9,2,ON
1018, 21:49:31:353.781,78571353.781,39.473,0,0,1019,no,-9,1,ON
1019, 21:49:31:393.217,78571393.217,39.437,0,0,1020,no,-10,0,ON
1020, 21:49:31:432.875,78571432.875,39.658,0,0,1021,no,-11,-1,ON
1021, 21:49:31:472.203,78571472.203,39.328,0,0,1022,no,-11,-1,ON
1022, 21:49:31:511.925,78571511.925,39.722,0,0,1023,no,-12,0,ON
1023, 21:49:31:551.392,78571551.392,39.467,0,0,1024,no,-12,0,ON
1024, 21:49:31:590.823,78571590.823,39.432,0,0,1025,no,-12,0,ON
1025, 21:49:31:630.288,78571630.288,39.465,0,0,1026,no,-12,-1,ON
1026, 21:49:31:669.926,78571669.926,39.638,0,0,1027,no,-11,0,ON
1027, 21:49:31:709.386,78571709.386,39.460,0,0,1028,no,-9,2,ON
1028, 21:49:31:749.063,78571749.063,39.677,0,0,1029,no,-9,2,ON
1029, 21:49:31:788.464,78571788.464,39.401,0,0,1030,no,-10,1,ON
1030, 21:49:31:828.050,78571828.050,39.587,0,0,1031,no,-11,0,ON
1031, 21:49:31:867.802,78571867.802,39.751,0,0,1032,no,-11,-1,ON
1032, 21:49:31:907.046,78571907.046,39.244,0,0,1033,no,-12,-1,ON
1033, 21:49:31:946.434,78571946.434,39.388,0,0,1034,no,-12,-1,ON
1034, 21:49:31:986.050,78571986.050,39.616,0,0,1035,no,-13,-1,ON
1035, 21:49:32:25.433,78572025.433,39.383,0,0,1036,no,-13,-1,ON
1036, 21:49:32:64.898,78572064.898,39.465,0,0,1037,no,-13,-1,ON
1037, 21:49:32:104.307,78572104.307,39.409,0,0,1038,no,-12,0,ON
1038, 21:49:32:143.776,78572143.776,39.468,0,0,1039,no,-9,2,ON
1039, 21:49:32:183.587,78572183.587,39.811,0,0,1040,no,-9,1,ON
1040, 21:49:32:223.079,78572223.079,39.492,0,0,1041,no,-10,1,ON
1041, 21:49:32:262.358,78572262.358,39.279,0,0,1042,no,-11,-1,ON
1042, 21:49:32:302.042,78572302.042,39.684,0,0,1043,no,-12,-1,ON
1043, 21:49:32:341.340,78572341.340,39.298,0,0,1044,no,-13,-1,ON
1044, 21:49:32:380.773,78572380.773,39.432,0,0,1045,no,-13,-1,ON
1045, 21:49:32:420.352,78572420.352,39.580,0,0,1046,no,-13,-1,ON
1046, 21:49:32:459.943,78572459.943,39.590,0,0,1047,no,-13,-1,ON
1047, 21:49:32:499.448,78572499.448,39.505,0,0,1048,no,-13,-1,ON
1048, 21:49:32:538.899,78572538.899,39.451,0,0,1049,no,-12,0,ON
1049, 21:49:32:578.314,78572578.314,39.414,0,0,1050,no,-10,1,ON
1050, 21:49:32:618.304,78572618.304,39.991,0,0,1051,no,-10,1,ON
1051, 21:49:32:657.348,78572657.348,39.044,0,0,1052,no,-11,0,ON
1052, 21:49:32:696.872,78572696.872,39.525,0,0,1053,no,-11,-1,ON
1053, 21:49:32:736.429,78572736.429,39.557,0,0,1054,no,-13,-2,ON
1054, 21:49:32:775.952,78572775.952,39.523,0,0,1055,no,-13,-1,ON
1055, 21:49:32:815.301,78572815.301,39.349,0,0,1056,no,-14,-1,ON
1056, 21:49:32:854.825,78572854.825,39.525,0,0,1057,no,-14,0,ON
1057, 21:49:32:894.316,78572894.316,39.490,0,0,1058,no,-14,1,ON
1058, 21:49:32:933.837,78572933.837,39.521,0,0,1059,no,-14,1,ON
1059, 21:49:32:973.346,78572973.346,39.509,0,0,1060,no,-13,3,ON
1060, 21:49:33:12.808,78573012.808,39.462,0,0,1061,no,-11,4,ON
1061, 21:49:33:52.387,78573052.387,39.578,0,0,1062,no,-11,5,ON
1062, 21:49:33:91.759,78573091.759,39.373,0,0,1063,no,-11,5,ON
1063, 21:49:33:131.235,78573131.235,39.476,0,0,1064,no,-12,5,ON
1064, 21:49:33:170.704,78573170.704,39.469,0,0,1065,no,-13,5,ON
1065, 21:49:33:210.239,78573210.239,39.535,0,0,1066,no,-14,5,ON
1066, 21:49:33:249.552,78573249.552,39.313,0,0,1067,no,-14,6,ON
1067, 21:49:33:289.124,78573289.124,39.572,0,0,1068,no,-15,7,ON
1068, 21:49:33:328.573,78573328.573,39.449,0,0,1069,no,-15,8,ON
1069, 21:49:33:368.426,78573368.426,39.853,0,0,1070,no,-14,8,ON
1070, 21:49:33:407.583,78573407.583,39.158,0,0,1071,no,-14,10,ON
1071, 21:49:33:447.217,78573447.217,39.634,0,0,1072,no,-11,13,ON
1072, 21:49:33:486.559,78573486.559,39.341,0,0,1073,no,-11,13,ON
1073, 21:49:33:526.136,78573526.136,39.578,0,0,1074,no,-11,13,ON
1074, 21:49:33:565.614,78573565.614,39.478,0,0,1075,no,-10,13,ON
1075, 21:49:33:605.292,78573605.292,39.678,0,0,1076,no,-11,10,ON
1076, 21:49:33:644.688,78573644.688,39.396,0,0,1077,no,-10,9,ON
1077, 21:49:33:684.166,78573684.166,39.478,0,0,1078,no,-11,8,ON
1078, 21:49:33:723.669,78573723.669,39.503,0,0,1079,no,-11,6,ON
1079, 21:49:33:763.138,78573763.138,39.469,0,0,1080,no,-11,6,ON
1080, 21:49:33:802.886,78573802.886,39.748,0,0,1081,no,-11,5,ON
1081, 21:49:33:842.140,78573842.140,39.254,0,0,1082,no,-10,5,ON
1082, 21:49:33:881.606,78573881.606,39.466,0,0,1083,no,-8,6,ON
1083, 21:49:33:921.157,78573921.157,39.551,0,0,1084,no,-7,5,ON
1084, 21:49:33:960.703,78573960.703,39.545,0,0,1085,no,-8,4,ON
1085, 21:49:34:0.157,78574000.157,39.454,0,0,1086,no,-9,3,ON
1086, 21:49:34:39.566,78574039.566,39.409,0,0,1087,no,-10,1,ON
1087, 21:49:34:79.052,78574079.052,39.486,0,0,1088,no,-10,1,ON
1088, 21:49:34:118.746,78574118.746,39.694,0,0,1089,no,-11,1,ON
1089, 21:49:34:158.238,78574158.238,39.492,0,0,1090,no,-11,1,ON
1090, 21:49:34:197.619,78574197.619,39.381,0,0,1091,no,-12,1,ON
1091, 21:49:34:237.404,78574237.404,39.785,0,0,1092,no,-12,1,ON
1092, 21:49:34:276.697,78574276.697,39.293,0,0,1093,no,-11,1,ON
1093, 21:49:34:316.193,78574316.193,39.496,0,0,1094,no,-9,2,ON
1094, 21:49:34:355.975,78574355.975,39.782,0,0,1095,no,-8,3,ON
1095, 21:49:34:395.224,78574395.224,39.249,0,0,1096,no,-9,2,ON
1096, 21:49:34:434.800,78574434.800,39.576,0,0,1097,no,-10,1,ON
1097, 21:49:34:474.247,78574474.247,39.447,0,0,1098,no,-11,0,ON
1098, 21:49:34:513.620,78574513.620,39.373,0,0,1099,no,-12,0,ON
1099, 21:49:34:553.364,78574553.364,39.744,0,0,1100,no,-12,0,ON
1100, 21:49:34:592.876,78574592.876,39.512,0,0,1101,no,-13,-1,ON
1101, 21:49:34:632.263,78574632.263,39.388,0,0,1102,no,-13,-1,ON
1102, 21:49:34:671.555,78574671.555,39.291,0,0,1103,no,-13,-1,ON
1103, 21:49:34:711.333,78574711.333,39.779,0,0,1104,no,-12,0,ON
1104, 21:49:34:750.760,78574750.760,39.427,0,0,1105,no,-10,1,ON
1105, 21:49:34:790.403,78574790.403,39.643,0,0,1106,no,-9,2,ON
1106, 21:49:34:829.696,78574829.696,39.293,0,0,1107,no,-10,1,ON
1107, 21:49:34:869.295,78574869.295,39.599,0,0,1108,no,-11,0,ON
1108, 21:49:34:908.707,78574908.707,39.412,0,0,1109,no,-12,-1,ON
1109, 21:49:34:948.324,78574948.324,39.617,0,0,1110,no,-13,-1,ON
1110, 21:49:34:987.915,78574987.915,39.591,0,0,1111,no,-13,-1,ON
1111, 21:49:35:26.866,78575026.866,38.951,0,0,1112,no,-13,-1,ON
1112, 21:49:35:66.306,78575066.306,39.440,0,0,1113,no,-13,-1,ON
1113, 21:49:35:105.818,78575105.818,39.513,0,0,1114,no,-14,-1,ON
1114, 21:49:35:145.308,78575145.308,39.489,0,0,1115,no,-13,-1,ON
1115, 21:49:35:184.855,78575184.855,39.547,0,0,1116,no,-11,1,ON
1116, 21:49:35:224.545,78575224.545,39.690,0,0,1117,no,-10,1,ON
1117, 21:49:35:264.107,78575264.107,39.562,0,0,1118,no,-10,0,ON
1118, 21:49:35:303.794,78575303.794,39.687,0,0,1119,no,-11,0,ON
1119, 21:49:35:343.114,78575343.114,39.320,0,0,1120,no,-12,-1,ON
1120, 21:49:35:382.599,78575382.599,39.485,0,0,1121,no,-13,-2,ON
1121, 21:49:35:422.181,78575422.181,39.582,0,0,1122,no,-13,-1,ON
1122, 21:49:35:461.590,78575461.590,39.409,0,0,1123,no,-13,-2,ON
1123, 21:49:35:501.008,78575501.008,39.417,0,0,1124,no,-14,-1,ON
1124, 21:49:35:540.701,78575540.701,39.693,0,0,1125,no,-14,-1,ON
1125, 21:49:35:580.166,78575580.166,39.466,0,0,1126,no,-13,-1,ON
1126, 21:49:35:619.922,78575619.922,39.756,0,0,1127,no,-11,1,ON
1127, 21:49:35:659.057,78575659.057,39.135,0,0,1128,no,-10,1,ON
1128, 21:49:35:698.535,78575698.535,39.477,0,0,1129,no,-11,0,ON
1129, 21:49:35:738.243,78575738.243,39.708,0,0,1130,no,-12,0,ON
1130, 21:49:35:777.478,78575777.478,39.235,0,0,1131,no,-13,-1,ON
1131, 21:49:35:817.153,78575817.153,39.675,0,0,1132,no,-13,-2,ON
1132, 21:49:35:856.473,78575856.473,39.320,0,0,1133,no,-13,-2,ON
1133, 21:49:35:896.113,78575896.113,39.640,0,0,1134,no,-14,-2,ON
1134, 21:49:35:935.629,78575935.629,39.516,0,0,1135,no,-14,-1,ON
1135, 21:49:35:975.136,78575975.136,39.507,0,0,1136,no,-15,-1,ON
1136, 21:49:36:14.536,78576014.536,39.400,0,0,1137,no,-14,-1,ON
1137, 21:49:36:54.293,78576054.293,39.757,0,0,1138,no,-12,1,ON
1138, 21:49:36:93.606,78576093.606,39.313,0,0,1139,no,-11,2,ON
1139, 21:49:36:133.070,78576133.070,39.464,0,0,1140,no,-12,1,ON
1140, 21:49:36:172.387,78576172.387,39.317,0,0,1141,no,-12,1,ON
1141, 21:49:36:211.788,78576211.788,39.400,0,0,1142,no,-13,0,ON
1142, 21:49:36:251.268,78576251.268,39.480,0,0,1143,no,-14,1,ON
1143, 21:49:36:290.765,78576290.765,39.497,0,0,1144,no,-14,1,ON
1144, 21:49:36:330.212,78576330.212,39.447,0,0,1145,no,-15,2,ON
1145, 21:49:36:369.915,78576369.915,39.703,0,0,1146,no,-15,3,ON
1146, 21:49:36:409.563,78576409.563,39.648,0,0,1147,no,-16,4,ON
1147, 21:49:36:448.830,78576448.830,39.267,0,0,1148,no,-15,4,ON
1148, 21:49:36:488.520,78576488.520,39.690,0,0,1149,no,-13,7,ON
1149, 21:49:36:527.999,78576527.999,39.479,0,0,1150,no,-12,8,ON
1150, 21:49:36:567.460,78576567.460,39.460,0,0,1151,no,-12,8,ON
1151, 21:49:36:606.940,78576606.940,39.481,0,0,1152,no,-13,8,ON
1152, 21:49:36:646.477,78576646.477,39.537,0,0,1153,no,-14,8,ON
1153, 21:49:36:685.941,78576685.941,39.464,0,0,1154,no,-15,8,ON
1154, 21:49:36:725.402,78576725.402,39.461,0,0,1155,no,-15,9,ON
1155, 21:49:36:765.007,78576765.007,39.605,0,0,1156,no,-15,10,ON
1156, 21:49:36:804.638,78576804.638,39.631,0,0,1157,no,-16,11,ON
1157, 21:49:36:843.783,78576843.783,39.145,0,0,1158,no,-15,12,ON
1158, 21:49:36:883.407,78576883.407,39.624,0,0,1159,no,-13,11,ON
1159, 21:49:36:922.787,78576922.787,39.380,0,0,1160,no,-11,12,ON
1160, 21:49:36:962.674,78576962.674,39.887,0,0,1161,no,-9,12,ON
1161, 21:49:37:1.861,78577001.861,39.187,0,0,1162,no,-9,10,ON
1162, 21:49:37:41.178,78577041.178,39.317,0,0,1163,no,-9,8,ON
1163, 21:49:37:80.854,78577080.854,39.676,0,0,1164,no,-10,6,ON
1164, 21:49:37:120.377,78577120.377,39.522,0,0,1165,no,-11,4,ON
1165, 21:49:37:159.836,78577159.836,39.459,0,0,1166,no,-11,4,ON
1166, 21:49:37:199.357,78577199.357,39.521,0,0,1167,no,-11,3,ON
1167, 21:49:37:238.811,78577238.811,39.454,0,0,1168,no,-12,2,ON
1168, 21:49:37:278.389,78577278.389,39.578,0,0,1169,no,-12,2,ON
1169, 21:49:37:317.778,78577317.778,39.389,0,0,1170,no,-11,1,ON
1170, 21:49:37:357.124,78577357.124,39.345,0,0,1171,no,-10,3,ON
1171, 21:49:37:396.765,78577396.765,39.641,0,0,1172,no,-8,3,ON
1172, 21:49:37:436.206,78577436.206,39.441,0,0,1173,no,-8,3,ON
1173, 21:49:37:475.749,78577475.749,39.543,0,0,1174,no,-9,2,ON
1174, 21:49:37:515.126,78577515.126,39.378,0,0,1175,no,-10,0,ON
1175, 21:49:37:554.785,78577554.785,39.659,0,0,1176,no,-11,0,ON
1176, 21:49:37:594.336,78577594.336,39.551,0,0,1177,no,-11,0,ON
1177, 21:49:37:633.712,78577633.712,39.376,0,0,1178,no,-12,0,ON
1178, 21:49:37:673.295,78577673.295,39.583,0,0,1179,no,-12,0,ON
1179, 21:49:37:712.620,78577712.620,39.325,0,0,1180,no,-13,0,ON
1180, 21:49:37:752.329,78577752.329,39.709,0,0,1181,no,-12,-1,ON
1181, 21:49:37:791.643,78577791.643,39.314,0,0,1182,no,-11,1,ON
1182, 21:49:37:831.294,78577831.294,39.652,0,0,1183,no,-9,2,ON
1183, 21:49:37:870.732,78577870.732,39.438,0,0,1184,no,-10,1,ON
1184, 21:49:37:910.264,78577910.264,39.532,0,0,1185,no,-10,0,ON
1185, 21:49:37:949.701,78577949.701,39.437,0,0,1186,no,-11,-1,ON
1186, 21:49:37:989.391,78577989.391,39.690,0,0,1187,no,-12,-1,ON
1187, 21:49:38:28.782,78578028.782,39.391,0,0,1188,no,-12,-1,ON
1188, 21:49:38:68.171,78578068.171,39.390,0,0,1189,no,-13,-1,ON
1189, 21:49:38:107.777,78578107.777,39.606,0,0,1190,no,-13,-1,ON
1190, 21:49:38:147.376,78578147.376,39.599,0,0,1191,no,-14,-1,ON
1191, 21:49:38:186.762,78578186.762,39.386,0,0,1192,no,-13,-2,ON
1192, 21:49:38:226.479,78578226.479,39.717,0,0,1193,no,-12,0,ON
1193, 21:49:38:266.201,78578266.201,39.722,0,0,1194,no,-10,1,ON
1194, 21:49:38:305.744,78578305.744,39.543,0,0,1195,no,-10,1,ON
1195, 21:49:38:344.879,78578344.879,39.135,0,0,1196,no,-11,0,ON
1196, 21:49:38:384.430,78578384.430,39.551,0,0,1197,no,-12,-1,ON
1197, 21:49:38:423.855,78578423.855,39.425,0,0,1198,no,-13,-2,ON
1198, 21:49:38:463.420,78578463.420,39.565,0,0,1199,no,-13,-2,ON
1199, 21:49:38:502.732,78578502.732,39.312,0,0,1200,no,-13,-2,ON
1200, 21:49:38:542.035,78578542.035,39.304,0,0,1201,no,-14,-2,ON
1201, 21:49:38:581.609,78578581.609,39.574,0,0,1202,no,-14,-1,ON
1202, 21:49:38:621.342,78578621.342,39.733,0,0,1203,no,-14,-2,ON
1203, 21:49:38:660.707,78578660.707,39.365,0,0,1204,no,-12,0,ON
1204, 21:49:38:700.187,78578700.187,39.480,0,0,1205,no,-11,1,ON
1205, 21:49:38:739.838,78578739.838,39.652,0,0,1206,no,-11,0,ON
1206, 21:49:38:779.266,78578779.266,39.427,0,0,1207,no,-11,0,ON
1207, 21:49:38:818.511,78578818.511,39.246,0,0,1208,no,-12,-2,ON
1208, 21:49:38:858.360,78578858.360,39.848,0,0,1209,no,-13,-2,ON
1209, 21:49:38:897.797,78578897.797,39.438,0,0,1210,no,-14,-2,ON
1210, 21:49:38:937.328,78578937.328,39.531,0,0,1211,no,-14,-2,ON
1211, 21:49:38:976.792,78578976.792,39.463,0,0,1212,no,-14,-2,ON
1212, 21:49:39:16.335,78579016.335,39.544,0,0,1213,no,-15,-2,ON
1213, 21:49:39:55.827,78579055.827,39.491,0,0,1214,no,-14,-3,ON
1214, 21:49:39:95.177,78579095.177,39.350,0,0,1215,no,-13,-1,ON
1215, 21:49:39:134.657,78579134.657,39.481,0,0,1216,no,-11,1,ON
1216, 21:49:39:174.312,78579174.312,39.655,0,0,1217,no,-11,0,ON
1217, 21:49:39:213.664,78579213.664,39.352,0,0,1218,no,-11,-1,ON
1218, 21:49:39:253.173,78579253.173,39.508,0,0,1219,no,-12,-2,ON
1219, 21:49:39:292.687,78579292.687,39.515,0,0,1220,no,-13,-2,ON
1220, 21:49:39:332.271,78579332.271,39.584,0,0,1221,no,-14,-2,ON
1221, 21:49:39:371.739,78579371.739,39.468,0,0,1222,no,-14,-2,ON
1222, 21:49:39:411.229,78579411.229,39.489,0,0,1223,no,-15,-2,ON
1223, 21:49:39:450.604,78579450.604,39.375,0,0,1224,no,-15,-1,ON
1224, 21:49:39:490.559,78579490.559,39.955,0,0,1225,no,-15,-1,ON
1225, 21:49:39:529.669,78579529.669,39.110,0,0,1226,no,-14,1,ON
1226, 21:49:39:569.247,78579569.247,39.578,0,0,1227,no,-12,3,ON
1227, 21:49:39:608.797,78579608.797,39.550,0,0,1228,no,-12,3,ON
1228, 21:49:39:648.289,78579648.289,39.492,0,0,1229,no,-13,3,ON
1229, 21:49:39:687.623,78579687.623,39.335,0,0,1230,no,-14,3,ON
1230, 21:49:39:726.927,78579726.927,39.303,0,0,1231,no,-15,3,ON
1231, 21:49:39:766.423,78579766.423,39.496,0,0,1232,no,-15,3,ON
1232, 21:49:39:806.079,78579806.079,39.656,0,0,1233,no,-16,4,ON
1233, 21:49:39:845.552,78579845.552,39.473,0,0,1234,no,-16,5,ON
1234, 21:49:39:885.013,78579885.013,39.461,0,0,1235,no,-17,6,ON
1235, 21:49:39:924.696,78579924.696,39.683,0,0,1236,no,-16,6,ON
1236, 21:49:39:963.965,78579963.965,39.270,0,0,1237,no,-15,9,ON
1237, 21:49:40:3.477,78580003.477,39.512,0,0,1238,no,-13,11,ON
1238, 21:49:40:42.971,78580042.971,39.494,0,0,1239,no,-13,12,ON
1239, 21:49:40:82.460,78580082.460,39.489,0,0,1240,no,-13,12,ON
1240, 21:49:40:122.030,78580122.030,39.570,0,0,1241,no,-14,12,ON
1241, 21:49:40:161.416,78580161.416,39.386,0,0,1242,no,-15,12,ON
1242, 21:49:40:201.090,78580201.090,39.674,0,0,1243,no,-14,11,ON
1243, 21:49:40:240.591,78580240.591,39.502,0,0,1244,no,-13,10,ON
1244, 21:49:40:280.105,78580280.105,39.513,0,0,1245,no,-13,8,ON
1245, 21:49:40:319.521,78580319.521,39.417,0,0,1246,no,-13,8,ON
1246, 21:49:40:359.184,78580359.184,39.663,0,0,1247,no,-13,6,ON
1247, 21:49:40:398.790,78580398.790,39.606,0,0,1248,no,-12,7,ON
1248, 21:49:40:438.185,78580438.185,39.395,0,0,1249,no,-9,7,ON
1249, 21:49:40:477.735,78580477.735,39.550,0,0,1250,no,-9,6,ON
1250, 21:49:40:517.476,78580517.476,39.742,0,0,1251,no,-9,5,ON
1251, 21:49:40:556.876,78580556.876,39.399,0,0,1252,no,-10,3,ON
1252, 21:49:40:596.370,78580596.370,39.495,0,0,1253,no,-11,2,ON
1253, 21:49:40:635.724,78580635.724,39.353,0,0,1254,no,-12,2,ON
1254, 21:49:40:675.172,78580675.172,39.449,0,0,1255,no,-12,2,ON
1255, 21:49:40:714.681,78580714.681,39.508,0,0,1256,no,-13,2,ON
1256, 21:49:40:754.137,78580754.137,39.456,0,0,1257,no,-13,1,ON
1257, 21:49:40:793.674,78580793.674,39.537,0,0,1258,no,-12,1,ON
1258, 21:49:40:833.097,78580833.097,39.423,0,0,1259,no,-12,2,ON
1259, 21:49:40:872.696,78580872.696,39.598,0,0,1260,no,-10,3,ON
1260, 21:49:40:912.260,78580912.260,39.564,0,0,1261,no,-9,3,ON
1261, 21:49:40:951.637,78580951.637,39.378,0,0,1262,no,-10,2,ON
1262, 21:49:40:991.543,78580991.543,39.906,0,0,1263,no,-11,1,ON
1263, 21:49:41:30.652,78581030.652,39.109,0,0,1264,no,-12,0,ON
1264, 21:49:41:70.245,78581070.245,39.593,0,0,1265,no,-12,0,ON
1265, 21:49:41:109.768,78581109.768,39.523,0,0,1266,no,-13,0,ON
1266, 21:49:41:149.117,78581149.117,39.349,0,0,1267,no,-13,0,ON
1267, 21:49:41:188.737,78581188.737,39.620,0,0,1268,no,-13,0,ON
1268, 21:49:41:228.172,78581228.172,39.435,0,0,1269,no,-13,0,ON
1269, 21:49:41:268.052,78581268.052,39.880,0,0,1270,no,-13,0,ON
1270, 21:49:41:307.294,78581307.294,39.242,0,0,1271,no,-10,2,ON
1271, 21:49:41:346.701,78581346.701,39.407,0,0,1272,no,-10,2,ON
1272, 21:49:41:386.222,78581386.222,39.521,0,0,1273,no,-10,1,ON
1273, 21:49:41:425.535,78581425.535,39.313,0,0,1274,no,-11,0,ON
1274, 21:49:41:465.233,78581465.233,39.698,0,0,1275,no,-13,-1,ON
1275, 21:49:41:504.647,78581504.647,39.414,0,0,1276,no,-13,-1,ON
1276, 21:49:41:544.109,78581544.109,39.461,0,0,1277,no,-13,-1,ON
1277, 21:49:41:584.102,78581584.102,39.993,0,0,1278,no,-14,-1,ON
1278, 21:49:41:623.099,78581623.099,38.998,0,0,1279,no,-14,-1,ON
1279, 21:49:41:662.680,78581662.680,39.580,0,0,1280,no,-14,-1,ON
1280, 21:49:41:702.017,78581702.017,39.337,0,0,1281,no,-13,0,ON
1281, 21:49:41:741.887,78581741.887,39.870,0,0,1282,no,-11,1,ON
1282, 21:49:41:781.088,78581781.088,39.201,0,0,1283,no,-11,1,ON
1283, 21:49:41:820.765,78581820.765,39.677,0,0,1284,no,-11,1,ON
1284, 21:49:41:860.007,78581860.007,39.242,0,0,1285,no,-12,0,ON
1285, 21:49:41:899.586,78581899.586,39.579,0,0,1286,no,-13,-1,ON
1286, 21:49:41:939.068,78581939.068,39.482,0,0,1287,no,-14,-1,ON
1287, 21:49:41:978.778,78581978.778,39.710,0,0,1288,no,-14,-1,ON
1288, 21:49:42:18.285,78582018.285,39.507,0,0,1289,no,-14,-1,ON
1289, 21:49:42:57.579,78582057.579,39.294,0,0,1290,no,-14,-1,ON
1290, 21:49:42:97.289,78582097.289,39.710,0,0,1291,no,-14,-1,ON
1291, 21:49:42:136.750,78582136.750,39.460,0,0,1292,no,-14,0,ON
1292, 21:49:42:176.521,78582176.521,39.772,0,0,1293,no,-12,1,ON
1293, 21:49:42:215.791,78582215.791,39.270,0,0,1294,no,-11,2,ON
1294, 21:49:42:255.043,78582255.043,39.252,0,0,1295,no,-12,1,ON
1295, 21:49:42:294.645,78582294.645,39.603,0,0,1296,no,-12,0,ON
1296, 21:49:42:334.058,78582334.058,39.413,0,0,1297,no,-13,-1,ON
1297, 21:49:42:373.561,78582373.561,39.503,0,0,1298,no,-14,-1,ON
1298, 21:49:42:413.049,78582413.049,39.488,0,0,1299,no,-14,-1,ON
1299, 21:49:42:452.677,78582452.677,39.629,0,0,1300,no,-15,-1,ON
1300, 21:49:42:492.192,78582492.192,39.515,0,0,1301,no,-15,-1,ON
1301, 21:49:42:531.611,78582531.611,39.419,0,0,1302,no,-15,-1,ON
1302, 21:49:42:571.010,78582571.010,39.399,0,0,1303,no,-14,-1,ON
1303, 21:49:42:610.959,78582610.959,39.950,0,0,1304,no,-12,1,ON
1304, 21:49:42:650.111,78582650.111,39.152,0,0,1305,no,-11,1,ON
1305, 21:49:42:689.745,78582689.745,39.634,0,0,1306,no,-12,1,ON
1306, 21:49:42:729.166,78582729.166,39.420,0,0,1307,no,-13,1,ON
1307, 21:49:42:768.787,78582768.787,39.621,0,0,1308,no,-14,0,ON
1308, 21:49:42:808.079,78582808.079,39.292,0,0,1309,no,-15,0,ON
1309, 21:49:42:847.645,78582847.645,39.566,0,0,1310,no,-15,1,ON
1310, 21:49:42:887.103,78582887.103,39.458,0,0,1311,no,-16,2,ON
1311, 21:49:42:926.985,78582926.985,39.882,0,0,1312,no,-16,2,ON
1312, 21:49:42:965.989,78582965.989,39.004,0,0,1313,no,-17,3,ON
1313, 21:49:43:5.715,78583005.715,39.727,0,0,1314,no,-16,4,ON
1314, 21:49:43:45.015,78583045.015,39.299,0,0,1315,no,-14,7,ON
1315, 21:49:43:84.589,78583084.589,39.575,0,0,1316,no,-13,8,ON
1316, 21:49:43:123.823,78583123.823,39.233,0,0,1317,no,-13,8,ON
1317, 21:49:43:163.412,78583163.412,39.589,0,0,1318,no,-14,8,ON
1318, 21:49:43:202.860,78583202.860,39.448,0,0,1319,no,-15,7,ON
1319, 21:49:43:242.561,78583242.561,39.701,0,0,1320,no,-16,8,ON
1320, 21:49:43:282.321,78583282.321,39.760,0,0,1321,no,-16,9,ON
1321, 21:49:43:321.381,78583321.381,39.060,0,0,1322,no,-17,10,ON
1322, 21:49:43:360.655,78583360.655,39.274,0,0,1323,no,-17,11,ON
1323, 21:49:43:400.227,78583400.227,39.572,0,0,1324,no,-17,12,ON
1324, 21:49:43:439.964,78583439.964,39.737,0,0,1325,no,-16,12,ON
1325, 21:49:43:479.248,78583479.248,39.284,0,0,1326,no,-14,15,ON
1326, 21:49:43:518.854,78583518.854,39.606,0,0,1327,no,-12,14,ON
1327, 21:49:43:558.287,78583558.287,39.433,0,0,1328,no,-11,12,ON
1328, 21:49:43:597.820,78583597.820,39.533,0,0,1329,no,-12,11,ON
1329, 21:49:43:637.291,78583637.291,39.471,0,0,1330,no,-13,8,ON
1330, 21:49:43:677.032,78583677.032,39.741,0,0,1331,no,-13,7,ON
1331, 21:49:43:716.363,78583716.363,39.331,0,0,1332,no,-13,6,ON
1332, 21:49:43:755.753,78583755.753,39.390,0,0,1333,no,-13,5,ON
1333, 21:49:43:795.295,78583795.295,39.541,0,0,1334,no,-14,4,ON
1334, 21:49:43:834.774,78583834.774,39.479,0,0,1335,no,-14,4,ON
1335, 21:49:43:874.321,78583874.321,39.548,0,0,1336,no,-13,3,ON
1336, 21:49:43:913.772,78583913.772,39.450,0,0,1337,no,-12,5,ON
1337, 21:49:43:953.255,78583953.255,39.484,0,0,1338,no,-10,5,ON
1338, 21:49:43:992.661,78583992.661,39.406,0,0,1339,no,-11,4,ON
1339, 21:49:44:32.357,78584032.357,39.696,0,0,1340,no,-11,3,ON
1340, 21:49:44:71.734,78584071.734,39.377,0,0,1341,no,-12,2,ON
1341, 21:49:44:111.260,78584111.260,39.526,0,0,1342,no,-12,1,ON
1342, 21:49:44:150.674,78584150.674,39.414,0,0,1343,no,-13,1,ON
1343, 21:49:44:190.259,78584190.259,39.585,0,0,1344,no,-14,1,ON
1344, 21:49:44:229.765,78584229.765,39.507,0,0,1345,no,-14,1,ON
1345, 21:49:44:269.326,78584269.326,39.560,0,0,1346,no,-14,1,ON
1346, 21:49:44:308.739,78584308.739,39.414,0,0,1347,no,-13,1,ON
1347, 21:49:44:348.329,78584348.329,39.589,0,0,1348,no,-12,2,ON
1348, 21:49:44:387.822,78584387.822,39.493,0,0,1349,no,-10,3,ON
1349, 21:49:44:427.454,78584427.454,39.632,0,0,1350,no,-10,3,ON
1350, 21:49:44:466.831,78584466.831,39.378,0,0,1351,no,-11,2,ON
1351, 21:49:44:506.255,78584506.255,39.423,0,0,1352,no,-12,1,ON
1352, 21:49:44:545.816,78584545.816,39.561,0,0,1353,no,-13,0,ON
1353, 21:49:44:585.138,78584585.138,39.322,0,0,1354,no,-13,0,ON
1354, 21:49:44:624.799,78584624.799,39.662,0,0,1355,no,-14,0,ON
1355, 21:49:44:664.224,78584664.224,39.425,0,0,1356,no,-14,0,ON
1356, 21:49:44:703.861,78584703.861,39.637,0,0,1357,no,-14,0,ON
1357, 21:49:44:743.352,78584743.352,39.491,0,0,1358,no,-14,0,ON
1358, 21:49:44:782.747,78584782.747,39.395,0,0,1359,no,-12,2,ON
1359, 21:49:44:822.209,78584822.209,39.462,0,0,1360,no,-11,3,ON
1360, 21:49:44:861.831,78584861.831,39.622,0,0,1361,no,-11,2,ON
1361, 21:49:44:901.284,78584901.284,39.453,0,0,1362,no,-11,1,ON
1362, 21:49:44:941.017,78584941.017,39.733,0,0,1363,no,-12,0,ON
1363, 21:49:44:980.380,78584980.380,39.363,0,0,1364,no,-13,-1,ON
1364, 21:49:45:19.848,78585019.848,39.467,0,0,1365,no,-14,-1,ON
1365, 21:49:45:59.360,78585059.360,39.513,0,0,1366,no,-14,-1,ON
1366, 21:49:45:98.974,78585098.974,39.614,0,0,1367,no,-14,-1,ON
1367, 21:49:45:138.483,78585138.483,39.509,0,0,1368,no,-15,0,ON
1368, 21:49:45:177.872,78585177.872,39.389,0,0,1369,no,-14,-1,ON
1369, 21:49:45:217.500,78585217.500,39.628,0,0,1370,no,-13,1,ON
1370, 21:49:45:256.797,78585256.797,39.297,0,0,1371,no,-11,2,ON
1371, 21:49:45:296.244,78585296.244,39.447,0,0,1372,no,-11,2,ON
1372, 21:49:45:335.990,78585335.990,39.745,0,0,1373,no,-12,1,ON
1373, 21:49:45:375.295,78585375.295,39.305,0,0,1374,no,-13,0,ON
1374, 21:49:45:414.780,78585414.780,39.485,0,0,1375,no,-14,-1,ON
1375, 21:49:45:454.281,78585454.281,39.501,0,0,1376,no,-14,-1,ON
1376, 21:49:45:493.909,78585493.909,39.628,0,0,1377,no,-15,-1,ON
1377, 21:49:45:533.270,78585533.270,39.361,0,0,1378,no,-15,-1,ON
1378, 21:49:45:572.882,78585572.882,39.612,0,0,1379,no,-15,-1,ON
1379, 21:49:45:612.492,78585612.492,39.611,0,0,1380,no,-15,-1,ON
1380, 21:49:45:651.764,78585651.764,39.272,0,0,1381,no,-14,0,ON
1381, 21:49:45:691.299,78585691.299,39.535,0,0,1382,no,-12,2,ON
1382, 21:49:45:730.860,78585730.860,39.561,0,0,1383,no,-12,1,ON
1383, 21:49:45:770.243,78585770.243,39.383,0,0,1384,no,-12,1,ON
1384, 21:49:45:809.752,78585809.752,39.509,0,0,1385,no,-13,0,ON
1385, 21:49:45:849.211,78585849.211,39.459,0,0,1386,no,-14,-1,ON
1386, 21:49:45:888.933,78585888.933,39.722,0,0,1387,no,-15,-1,ON
1387, 21:49:45:928.349,78585928.349,39.416,0,0,1388,no,-15,-1,ON
1388, 21:49:45:967.859,78585967.859,39.510,0,0,1389,no,-15,-1,ON
1389, 21:49:46:7.223,78586007.223,39.363,0,0,1390,no,-16,0,ON
1390, 21:49:46:46.587,78586046.587,39.365,0,0,1391,no,-15,-1,ON
1391, 21:49:46:86.155,78586086.155,39.567,0,0,1392,no,-15,2,ON
1392, 21:49:46:125.544,78586125.544,39.389,0,0,1393,no,-13,3,ON
1393, 21:49:46:164.915,78586164.915,39.372,0,0,1394,no,-13,3,ON
1394, 21:49:46:204.502,78586204.502,39.587,0,0,1395,no,-13,3,ON
1395, 21:49:46:243.926,78586243.926,39.424,0,0,1396,no,-14,3,ON
1396, 21:49:46:283.425,78586283.425,39.499,0,0,1397,no,-15,3,ON
1397, 21:49:46:322.858,78586322.858,39.433,0,0,1398,no,-16,4,ON
1398, 21:49:46:362.797,78586362.797,39.940,0,0,1399,no,-16,4,ON
1399, 21:49:46:401.871,78586401.871,39.073,0,0,1400,no,-17,5,ON
1400, 21:49:46:441.412,78586441.412,39.541,0,0,1401,no,-17,6,ON
1401, 21:49:46:480.923,78586480.923,39.511,0,0,1402,no,-17,7,ON
1402, 21:49:46:520.605,78586520.605,39.683,0,0,1403,no,-16,9,ON
1403, 21:49:46:559.991,78586559.991,39.386,0,0,1404,no,-14,11,ON
1404, 21:49:46:599.473,78586599.473,39.482,0,0,1405,no,-14,11,ON
1405, 21:49:46:639.001,78586639.001,39.528,0,0,1406,no,-14,12,ON
1406, 21:49:46:678.505,78586678.505,39.504,0,0,1407,no,-15,12,ON
1407, 21:49:46:718.074,78586718.074,39.568,0,0,1408,no,-16,12,ON
1408, 21:49:46:757.634,78586757.634,39.560,0,0,1409,no,-16,12,ON
1409, 21:49:46:797.128,78586797.128,39.494,0,0,1410,no,-16,12,ON
1410, 21:49:46:836.465,78586836.465,39.337,0,0,1411,no,-16,11,ON
1411, 21:49:46:876.008,78586876.008,39.543,0,0,1412,no,-15,10,ON
1412, 21:49:46:915.527,78586915.527,39.519,0,0,1413,no,-15,9,ON
1413, 21:49:46:955.097,78586955.097,39.570,0,0,1414,no,-14,8,ON
1414, 21:49:46:994.507,78586994.507,39.410,0,0,1415,no,-11,9,ON
1415, 21:49:47:33.949,78587033.949,39.442,0,0,1416,no,-11,8,ON
1416, 21:49:47:73.459,78587073.459,39.509,0,0,1417,no,-11,7,ON
1417, 21:49:47:113.124,78587113.124,39.666,0,0,1418,no,-12,5,ON
1418, 21:49:47:152.553,78587152.553,39.429,0,0,1419,no,-13,4,ON
1419, 21:49:47:191.881,78587191.881,39.328,0,0,1420,no,-14,3,ON
1420, 21:49:47:231.570,78587231.570,39.689,0,0,1421,no,-14,3,ON
1421, 21:49:47:270.865,78587270.865,39.295,0,0,1422,no,-15,3,ON
1422, 21:49:47:310.434,78587310.434,39.569,0,0,1423,no,-15,3,ON
1423, 21:49:47:349.935,78587349.935,39.501,0,0,1424,no,-14,2,ON
1424, 21:49:47:389.497,78587389.497,39.562,0,0,1425,no,-13,3,ON
1425, 21:49:47:429.051,78587429.051,39.554,0,0,1426,no,-12,4,ON
1426, 21:49:47:468.599,78587468.599,39.547,0,0,1427,no,-11,4,ON
1427, 21:49:47:508.036,78587508.036,39.438,0,0,1428,no,-12,3,ON
1428, 21:49:47:547.594,78587547.594,39.558,0,0,1429,no,-13,2,ON
1429, 21:49:47:587.019,78587587.019,39.424,0,0,1430,no,-14,1,ON
1430, 21:49:47:626.420,78587626.420,39.402,0,0,1431,no,-14,1,ON
1431, 21:49:47:666.031,78587666.031,39.610,0,0,1432,no,-14,1,ON
1432, 21:49:47:705.438,78587705.438,39.407,0,0,1433,no,-14,1,ON
1433, 21:49:47:745.041,78587745.041,39.603,0,0,1434,no,-15,1,ON
1434, 21:49:47:784.410,78587784.410,39.370,0,0,1435,no,-15,1,ON
1435, 21:49:47:823.949,78587823.949,39.538,0,0,1436,no,-14,1,ON
1436, 21:49:47:863.682,78587863.682,39.733,0,0,1437,no,-12,2,ON
1437, 21:49:47:902.974,78587902.974,39.292,0,0,1438,no,-11,3,ON
1438, 21:49:47:942.565,78587942.565,39.590,0,0,1439,no,-11,2,ON
1439, 21:49:47:982.020,78587982.020,39.455,0,0,1440,no,-12,1,ON
1440, 21:49:48:21.528,78588021.528,39.508,0,0,1441,no,-13,0,ON
1441, 21:49:48:61.021,78588061.021,39.493,0,0,1442,no,-14,0,ON
1442, 21:49:48:100.393,78588100.393,39.373,0,0,1443,no,-14,0,ON
1443, 21:49:48:139.909,78588139.909,39.516,0,0,1444,no,-15,0,ON
1444, 21:49:48:179.728,78588179.728,39.819,0,0,1445,no,-15,0,ON
1445, 21:49:48:218.993,78588218.993,39.264,0,0,1446,no,-15,0,ON
1446, 21:49:48:258.492,78588258.492,39.499,0,0,1447,no,-14,0,ON
1447, 21:49:48:298.066,78588298.066,39.574,0,0,1448,no,-12,2,ON
1448, 21:49:48:337.443,78588337.443,39.377,0,0,1449,no,-11,2,ON
1449, 21:49:48:377.110,78588377.110,39.667,0,0,1450,no,-11,1,ON
1450, 21:49:48:416.521,78588416.521,39.411,0,0,1451,no,-12,1,ON
1451, 21:49:48:456.037,78588456.037,39.515,0,0,1452,no,-13,0,ON
1452, 21:49:48:495.536,78588495.536,39.499,0,0,1453,no,-14,-1,ON
1453, 21:49:48:535.101,78588535.101,39.565,0,0,1454,no,-14,-1,ON
1454, 21:49:48:574.889,78588574.889,39.788,0,0,1455,no,-15,-1,ON
1455, 21:49:48:614.181,78588614.181,39.292,0,0,1456,no,-15,-1,ON
1456, 21:49:48:653.622,78588653.622,39.441,0,0,1457,no,-15,-1,ON
1457, 21:49:48:692.974,78588692.974,39.352,0,0,1458,no,-14,-1,ON
1458, 21:49:48:732.463,78588732.463,39.489,0,0,1459,no,-13,1,ON
1459, 21:49:48:772.109,78588772.109,39.646,0,0,1460,no,-12,2,ON
1460, 21:49:48:811.492,78588811.492,39.383,0,0,1461,no,-12,1,ON
1461, 21:49:48:851.015,78588851.015,39.523,0,0,1462,no,-13,0,ON
1462, 21:49:48:890.571,78588890.571,39.556,0,0,1463,no,-14,-1,ON
1463, 21:49:48:930.167,78588930.167,39.596,0,0,1464,no,-15,-1,ON
1464, 21:49:48:969.513,78588969.513,39.346,0,0,1465,no,-15,-1,ON
1465, 21:49:49:8.988,78589008.988,39.475,0,0,1466,no,-15,-1,ON
1466, 21:49:49:48.362,78589048.362,39.373,0,0,1467,no,-15,-1,ON
1467, 21:49:49:87.927,78589087.927,39.566,0,0,1468,no,-16,-1,ON
1468, 21:49:49:127.315,78589127.315,39.388,0,0,1469,no,-15,-1,ON
1469, 21:49:49:166.864,78589166.864,39.549,0,0,1470,no,-13,1,ON
1470, 21:49:49:206.402,78589206.402,39.539,0,0,1471,no,-12,2,ON
1471, 21:49:49:245.854,78589245.854,39.451,0,0,1472,no,-12,1,ON
1472, 21:49:49:285.400,78589285.400,39.546,0,0,1473,no,-13,0,ON
1473, 21:49:49:325.024,78589325.024,39.623,0,0,1474,no,-14,0,ON
1474, 21:49:49:364.469,78589364.469,39.445,0,0,1475,no,-15,0,ON
1475, 21:49:49:404.091,78589404.091,39.622,0,0,1476,no,-16,0,ON
1476, 21:49:49:443.440,78589443.440,39.349,0,0,1477,no,-16,1,ON
1477, 21:49:49:483.027,78589483.027,39.587,0,0,1478,no,-16,1,ON
1478, 21:49:49:522.339,78589522.339,39.312,0,0,1479,no,-17,2,ON
1479, 21:49:49:562.115,78589562.115,39.776,0,0,1480,no,-16,2,ON
1480, 21:49:49:601.378,78589601.378,39.263,0,0,1481,no,-15,5,ON
1481, 21:49:49:640.808,78589640.808,39.430,0,0,1482,no,-13,7,ON
1482, 21:49:49:680.524,78589680.524,39.716,0,0,1483,no,-14,7,ON
1483, 21:49:49:719.905,78589719.905,39.381,0,0,1484,no,-14,7,ON
1484, 21:49:49:759.384,78589759.384,39.479,0,0,1485,no,-15,6,ON
1485, 21:49:49:799.015,78589799.015,39.631,0,0,1486,no,-17,7,ON
1486, 21:49:49:838.405,78589838.405,39.389,0,0,1487,no,-17,7,ON
1487, 21:49:49:878.015,78589878.015,39.610,0,0,1488,no,-17,8,ON
1488, 21:49:49:917.377,78589917.377,39.362,0,0,1489,no,-18,9,ON
1489, 21:49:49:956.888,78589956.888,39.511,0,0,1490,no,-18,11,ON
1490, 21:49:49:996.420,78589996.420,39.532,0,0,1491,no,-17,11,ON
1491, 21:49:50:36.022,78590036.022,39.602,0,0,1492,no,-15,14,ON
1492, 21:49:50:75.399,78590075.399,39.378,0,0,1493,no,-14,15,ON
1493, 21:49:50:115.100,78590115.100,39.701,0,0,1494,no,-13,15,ON
1494, 21:49:50:154.290,78590154.290,39.190,0,0,1495,no,-13,13,ON
1495, 21:49:50:193.943,78590193.943,39.653,0,0,1496,no,-13,10,ON
1496, 21:49:50:233.374,78590233.374,39.431,0,0,1497,no,-14,8,ON
1497, 21:49:50:272.849,78590272.849,39.475,0,0,1498,no,-14,7,ON
1498, 21:49:50:312.217,78590312.217,39.368,0,0,1499,no,-14,6,ON
1499, 21:49:50:351.863,78590351.863,39.647,0,0,1500,no,-15,6,ON
